imputation,seed,model,term,log_rr,within_variance
1,20260718,Model 0,Intercept,-2.403891896975367,0.0017140795884170701
1,20260718,Model 0,Non-axial/no-axial,0.6597355980149162,0.0031091852666526435
1,20260718,Model 0,Incident isolated,0.5997325858709734,0.013216594785275315
1,20260718,Model 0,Persistent isolated,0.6113554044460491,0.05806083493343112
1,20260718,Model 0,Spread to multisite,1.0239710941220241,0.020434006010866267
1,20260718,Model 0,Incident multisite,0.8652692116125594,0.005011879505344285
1,20260718,Model 0,Persistent multisite,1.3520656677019676,0.0036205485595976793
1,20260718,Model 0,Improvement/contraction,0.9307304534608525,0.00472118838566746
1,20260718,Model 0,Window 2,-0.1427395325441827,0.004266043965919614
1,20260718,Model 0,Window 3,-0.02037811103809496,0.0019035367153256066
2,20260719,Model 0,Intercept,-2.4045191013576006,0.0017229013613971975
2,20260719,Model 0,Non-axial/no-axial,0.6602687695082698,0.0031296358841963047
2,20260719,Model 0,Incident isolated,0.6003042584868469,0.013208676343648657
2,20260719,Model 0,Persistent isolated,0.6114743798509719,0.05810818363648567
2,20260719,Model 0,Spread to multisite,1.0216770326614057,0.020550384735451076
2,20260719,Model 0,Incident multisite,0.8648424101976487,0.00503876838817739
2,20260719,Model 0,Persistent multisite,1.3529596001899158,0.003636255183773458
2,20260719,Model 0,Improvement/contraction,0.9316255768827945,0.004761672284220678
2,20260719,Model 0,Window 2,-0.14494095405101065,0.004293710713398887
2,20260719,Model 0,Window 3,-0.019774595352408227,0.0019115773533144999
3,20260720,Model 0,Intercept,-2.4049598607649747,0.0017205540054335167
3,20260720,Model 0,Non-axial/no-axial,0.6603574607745204,0.0031277765057763675
3,20260720,Model 0,Incident isolated,0.6010003329485825,0.0132148432990708
3,20260720,Model 0,Persistent isolated,0.6120265755359332,0.05808221623005752
3,20260720,Model 0,Spread to multisite,1.0225169572140014,0.020528161935732956
3,20260720,Model 0,Incident multisite,0.8658587272644145,0.005034178522322442
3,20260720,Model 0,Persistent multisite,1.3534886794793837,0.0036346480504439622
3,20260720,Model 0,Improvement/contraction,0.9317346036356386,0.0047297389277268205
3,20260720,Model 0,Window 2,-0.14503831558060723,0.0042881081486498334
3,20260720,Model 0,Window 3,-0.02015353710989698,0.0019052516204763061
4,20260721,Model 0,Intercept,-2.404703182563801,0.0017145732542264047
4,20260721,Model 0,Non-axial/no-axial,0.6603516496352286,0.0031121732921567786
4,20260721,Model 0,Incident isolated,0.6007252075266358,0.013202915223521136
4,20260721,Model 0,Persistent isolated,0.6116028307493239,0.058111931671376134
4,20260721,Model 0,Spread to multisite,1.0244728719144909,0.020478395490114713
4,20260721,Model 0,Incident multisite,0.8660553902794831,0.005013853550599461
4,20260721,Model 0,Persistent multisite,1.3531552988281075,0.0036254413252764187
4,20260721,Model 0,Improvement/contraction,0.9309801112339938,0.00468155381211206
4,20260721,Model 0,Window 2,-0.14352517528508976,0.004262756572514985
4,20260721,Model 0,Window 3,-0.020809826575865196,0.0018960966363694375
5,20260722,Model 0,Intercept,-2.4052177586233174,0.0017172267314995724
5,20260722,Model 0,Non-axial/no-axial,0.6607277612107625,0.0031273790655395083
5,20260722,Model 0,Incident isolated,0.601309855742112,0.01320641091595863
5,20260722,Model 0,Persistent isolated,0.6119551207391015,0.05809254725113671
5,20260722,Model 0,Spread to multisite,1.0220160863375813,0.020554244824601237
5,20260722,Model 0,Incident multisite,0.8661585039641204,0.005035691643097643
5,20260722,Model 0,Persistent multisite,1.3537681751923019,0.0036355232969071845
5,20260722,Model 0,Improvement/contraction,0.9309035230535077,0.004679314949065753
5,20260722,Model 0,Window 2,-0.14454371343308023,0.004286304669193419
5,20260722,Model 0,Window 3,-0.02084506573637549,0.0018931962895517918
6,20260723,Model 0,Intercept,-2.405433101946639,0.001719857100921014
6,20260723,Model 0,Non-axial/no-axial,0.659956338745083,0.003121081955796604
6,20260723,Model 0,Incident isolated,0.6004764807097577,0.01321342234576009
6,20260723,Model 0,Persistent isolated,0.6115993455082707,0.058091024529541735
6,20260723,Model 0,Spread to multisite,1.022567116202668,0.020524883999196476
6,20260723,Model 0,Incident multisite,0.865406592584384,0.005031798725505725
6,20260723,Model 0,Persistent multisite,1.3531752315206669,0.0036329018141078406
6,20260723,Model 0,Improvement/contraction,0.9318970911278549,0.00474386599527057
6,20260723,Model 0,Window 2,-0.14411270425715667,0.004281000760867339
6,20260723,Model 0,Window 3,-0.019118717663777037,0.001906504268672431
7,20260724,Model 0,Intercept,-2.4051589093975343,0.0017192022608412236
7,20260724,Model 0,Non-axial/no-axial,0.6608024983153727,0.0031302317247912117
7,20260724,Model 0,Incident isolated,0.6010089809037357,0.013216418232484732
7,20260724,Model 0,Persistent isolated,0.611202134951567,0.058117853642597014
7,20260724,Model 0,Spread to multisite,1.0221942468204506,0.02054749915743589
7,20260724,Model 0,Incident multisite,0.8658016402159731,0.005037398187127519
7,20260724,Model 0,Persistent multisite,1.3534279724736398,0.0036378747514702603
7,20260724,Model 0,Improvement/contraction,0.9310765801703865,0.004706907399418532
7,20260724,Model 0,Window 2,-0.14452050151251258,0.004290229100550664
7,20260724,Model 0,Window 3,-0.02047096025235039,0.0018979323543912502
8,20260725,Model 0,Intercept,-2.4049815414999998,0.001719260234978687
8,20260725,Model 0,Non-axial/no-axial,0.6604428650015699,0.0031251418262231117
8,20260725,Model 0,Incident isolated,0.6007231521888706,0.013233494222842302
8,20260725,Model 0,Persistent isolated,0.6125444645768826,0.05805274186631478
8,20260725,Model 0,Spread to multisite,1.0230274282644396,0.02053979733659973
8,20260725,Model 0,Incident multisite,0.8659793268300391,0.005029581312790959
8,20260725,Model 0,Persistent multisite,1.353538247534533,0.003629674212706589
8,20260725,Model 0,Improvement/contraction,0.9318296161366333,0.004723045798914618
8,20260725,Model 0,Window 2,-0.14562699486642725,0.004279209595298824
8,20260725,Model 0,Window 3,-0.020290757538165165,0.0019011291762777967
9,20260726,Model 0,Intercept,-2.4046743445677152,0.0017181433036483457
9,20260726,Model 0,Non-axial/no-axial,0.6604073658407473,0.00312527915508572
9,20260726,Model 0,Incident isolated,0.6007806226698806,0.013214561747389574
9,20260726,Model 0,Persistent isolated,0.6121511363394039,0.058079043287730475
9,20260726,Model 0,Spread to multisite,1.022901517874791,0.020521879877437275
9,20260726,Model 0,Incident multisite,0.8658682408832928,0.005032562715155953
9,20260726,Model 0,Persistent multisite,1.353417474511047,0.003634462096778767
9,20260726,Model 0,Improvement/contraction,0.9309937427586942,0.004696473479526898
9,20260726,Model 0,Window 2,-0.14463719383264736,0.004283612169863539
9,20260726,Model 0,Window 3,-0.020936206122293924,0.0018974847295666261
10,20260727,Model 0,Intercept,-2.4043734003521324,0.0017241697025577021
10,20260727,Model 0,Non-axial/no-axial,0.6606366464114852,0.0031334164020425455
10,20260727,Model 0,Incident isolated,0.6005567243925612,0.013219569679823856
10,20260727,Model 0,Persistent isolated,0.6124760002866393,0.058079030917391396
10,20260727,Model 0,Spread to multisite,1.0213795835268928,0.02056177905427691
10,20260727,Model 0,Incident multisite,0.8652263388950655,0.005039450441264113
10,20260727,Model 0,Persistent multisite,1.3532164276027103,0.0036399259568453677
10,20260727,Model 0,Improvement/contraction,0.9314713738321323,0.004743610214672057
10,20260727,Model 0,Window 2,-0.14567686099066862,0.004301249682591386
10,20260727,Model 0,Window 3,-0.020582276420844987,0.0019071333002369905
11,20260728,Model 0,Intercept,-2.404294034259586,0.0017223031700298575
11,20260728,Model 0,Non-axial/no-axial,0.6606530649476201,0.0031372308073853994
11,20260728,Model 0,Incident isolated,0.6008757068230975,0.013185502624722586
11,20260728,Model 0,Persistent isolated,0.610221664185708,0.058187063462207346
11,20260728,Model 0,Spread to multisite,1.0208805345659424,0.020583334923247824
11,20260728,Model 0,Incident multisite,0.865539339009861,0.0050433722102301865
11,20260728,Model 0,Persistent multisite,1.3534313896653831,0.0036415240351265503
11,20260728,Model 0,Improvement/contraction,0.931043284586834,0.004718136218177783
11,20260728,Model 0,Window 2,-0.1457829713361512,0.004299877786637606
11,20260728,Model 0,Window 3,-0.021269546152027186,0.0019022079395063065
12,20260729,Model 0,Intercept,-2.404578237466846,0.0017198623038043059
12,20260729,Model 0,Non-axial/no-axial,0.6600816348351219,0.003118557618931489
12,20260729,Model 0,Incident isolated,0.6002020018699231,0.013201930557886493
12,20260729,Model 0,Persistent isolated,0.6104132155444162,0.05814213847887727
12,20260729,Model 0,Spread to multisite,1.0222277040496517,0.02050698861111668
12,20260729,Model 0,Incident multisite,0.8648233186025761,0.0050229909422963
12,20260729,Model 0,Persistent multisite,1.3526604619390195,0.003629923784268507
12,20260729,Model 0,Improvement/contraction,0.930423068115026,0.004710362230210329
12,20260729,Model 0,Window 2,-0.14092235016306345,0.00427509933937906
12,20260729,Model 0,Window 3,-0.020221969712968024,0.0019026712119261646
13,20260730,Model 0,Intercept,-2.4044032179305614,0.0017218534209731077
13,20260730,Model 0,Non-axial/no-axial,0.6596846149003109,0.0031281110387877775
13,20260730,Model 0,Incident isolated,0.6001215044003666,0.013206195945845475
13,20260730,Model 0,Persistent isolated,0.609828989390341,0.05809851334511887
13,20260730,Model 0,Spread to multisite,1.0224465931316171,0.020519683285933926
13,20260730,Model 0,Incident multisite,0.8640876209882915,0.005042098244786061
13,20260730,Model 0,Persistent multisite,1.3525818825373834,0.0036388329931449307
13,20260730,Model 0,Improvement/contraction,0.9308659776612039,0.004746790144372078
13,20260730,Model 0,Window 2,-0.1415358007547896,0.004292663695982583
13,20260730,Model 0,Window 3,-0.01966109328109504,0.001907189236916091
14,20260731,Model 0,Intercept,-2.4049962984785895,0.0017163812414969738
14,20260731,Model 0,Non-axial/no-axial,0.6597454373006947,0.0031146990038273944
14,20260731,Model 0,Incident isolated,0.6006264482097927,0.013205074791324656
14,20260731,Model 0,Persistent isolated,0.6109830680903372,0.05810565513919848
14,20260731,Model 0,Spread to multisite,1.0231638913764391,0.02049494642757086
14,20260731,Model 0,Incident multisite,0.865416096872566,0.0050256905578524805
14,20260731,Model 0,Persistent multisite,1.3530456597569203,0.0036305765384783265
14,20260731,Model 0,Improvement/contraction,0.9311612549666897,0.004712490765754472
14,20260731,Model 0,Window 2,-0.1429845407474839,0.004271369852788291
14,20260731,Model 0,Window 3,-0.019996973589919045,0.0018977936594028705
15,20260732,Model 0,Intercept,-2.4040965633324665,0.001718019181374852
15,20260732,Model 0,Non-axial/no-axial,0.6597667979223267,0.0031205133615576576
15,20260732,Model 0,Incident isolated,0.5999502383069871,0.013201903574387075
15,20260732,Model 0,Persistent isolated,0.6097742477415793,0.05811307619192365
15,20260732,Model 0,Spread to multisite,1.0226668347395282,0.02050838917305666
15,20260732,Model 0,Incident multisite,0.8645344560694853,0.0050332266634434
15,20260732,Model 0,Persistent multisite,1.3522894023397916,0.0036309365932849827
15,20260732,Model 0,Improvement/contraction,0.9302584847203037,0.004710433679694979
15,20260732,Model 0,Window 2,-0.14120715053032037,0.004283854920751957
15,20260732,Model 0,Window 3,-0.020165444716097006,0.0019004331375412238
16,20260733,Model 0,Intercept,-2.404468828678909,0.0017200605654780136
16,20260733,Model 0,Non-axial/no-axial,0.6599642614974858,0.0031169780990420873
16,20260733,Model 0,Incident isolated,0.600472891570247,0.01320597299048195
16,20260733,Model 0,Persistent isolated,0.6117345697068642,0.05812881328971044
16,20260733,Model 0,Spread to multisite,1.02344576456637,0.0205244570708464
16,20260733,Model 0,Incident multisite,0.8651611530767591,0.005028341201627224
16,20260733,Model 0,Persistent multisite,1.3531131015414077,0.0036325452238605694
16,20260733,Model 0,Improvement/contraction,0.9301535517823413,0.004682409107926043
16,20260733,Model 0,Window 2,-0.14288827653843905,0.004280723079560353
16,20260733,Model 0,Window 3,-0.020923538900064327,0.0018948450179927584
17,20260734,Model 0,Intercept,-2.404110404606191,0.001720080769453098
17,20260734,Model 0,Non-axial/no-axial,0.6606080956882944,0.003124969032717439
17,20260734,Model 0,Incident isolated,0.6003887483963672,0.01320054443999881
17,20260734,Model 0,Persistent isolated,0.6115636749573329,0.05811980171486503
17,20260734,Model 0,Spread to multisite,1.0220630117792675,0.02051839472964126
17,20260734,Model 0,Incident multisite,0.8656595008879538,0.005025455549879877
17,20260734,Model 0,Persistent multisite,1.3533479664680552,0.00362862903674196
17,20260734,Model 0,Improvement/contraction,0.931576048528173,0.004735882496195282
17,20260734,Model 0,Window 2,-0.14535013257446922,0.004284562074782911
17,20260734,Model 0,Window 3,-0.021077470182189043,0.0019083481618633218
18,20260735,Model 0,Intercept,-2.404736737020407,0.001716611082857555
18,20260735,Model 0,Non-axial/no-axial,0.6600505255554958,0.0031190354019598404
18,20260735,Model 0,Incident isolated,0.6004332743311065,0.013225149709462213
18,20260735,Model 0,Persistent isolated,0.6112286236021532,0.0580723143674641
18,20260735,Model 0,Spread to multisite,1.0227625572187422,0.02050082754453383
18,20260735,Model 0,Incident multisite,0.8655326028072656,0.005024572491457858
18,20260735,Model 0,Persistent multisite,1.352842601466703,0.0036328646909359994
18,20260735,Model 0,Improvement/contraction,0.930261240125723,0.004684187347000654
18,20260735,Model 0,Window 2,-0.14316860682326274,0.0042789576225750765
18,20260735,Model 0,Window 3,-0.020227979102802034,0.0018950035471899053
19,20260736,Model 0,Intercept,-2.4048842684097607,0.0017225352720858435
19,20260736,Model 0,Non-axial/no-axial,0.6601044080096301,0.0031218645203121764
19,20260736,Model 0,Incident isolated,0.6005153520691372,0.0131983651293661
19,20260736,Model 0,Persistent isolated,0.611390139045676,0.05816489779091071
19,20260736,Model 0,Spread to multisite,1.0215564352602646,0.02056320285128384
19,20260736,Model 0,Incident multisite,0.8654896475093126,0.005028705922726901
19,20260736,Model 0,Persistent multisite,1.3531494210215642,0.0036368610375782377
19,20260736,Model 0,Improvement/contraction,0.9306597036243786,0.004701884459600451
19,20260736,Model 0,Window 2,-0.14510064363136707,0.004286692576447049
19,20260736,Model 0,Window 3,-0.02012573557452109,0.0018977738367516347
20,20260737,Model 0,Intercept,-2.4044694043458628,0.0017167086818313663
20,20260737,Model 0,Non-axial/no-axial,0.6597015189341326,0.003115843486583806
20,20260737,Model 0,Incident isolated,0.6001097283616116,0.013212843713232152
20,20260737,Model 0,Persistent isolated,0.6113329643344447,0.058092828848066796
20,20260737,Model 0,Spread to multisite,1.0229728875440316,0.02049894016806961
20,20260737,Model 0,Incident multisite,0.8651191473279755,0.005021722208299945
20,20260737,Model 0,Persistent multisite,1.3525228408219365,0.003628251515445252
20,20260737,Model 0,Improvement/contraction,0.9306555426488192,0.004706174889616174
20,20260737,Model 0,Window 2,-0.14214984831824862,0.004272537083628354
20,20260737,Model 0,Window 3,-0.020255548875643063,0.001901065485252466
21,20260738,Model 0,Intercept,-2.404482444154209,0.001720932001422652
21,20260738,Model 0,Non-axial/no-axial,0.6597008034680347,0.003116859375802881
21,20260738,Model 0,Incident isolated,0.600213311726064,0.01320934039988384
21,20260738,Model 0,Persistent isolated,0.6114512242681065,0.05811372488209124
21,20260738,Model 0,Spread to multisite,1.0232957380258847,0.02048183063334791
21,20260738,Model 0,Incident multisite,0.8651513078894809,0.00501756314300918
21,20260738,Model 0,Persistent multisite,1.3526936916469132,0.0036273991382971315
21,20260738,Model 0,Improvement/contraction,0.9318103499211472,0.004760752067635208
21,20260738,Model 0,Window 2,-0.14337660245597247,0.0042727915914735366
21,20260738,Model 0,Window 3,-0.019744095721659267,0.0019136186266855472
22,20260739,Model 0,Intercept,-2.4051386911317185,0.0017193828798717798
22,20260739,Model 0,Non-axial/no-axial,0.6607250758416346,0.0031221792274043875
22,20260739,Model 0,Incident isolated,0.6008492781466799,0.013221904694152395
22,20260739,Model 0,Persistent isolated,0.612882778915825,0.05811207115327945
22,20260739,Model 0,Spread to multisite,1.022239700736093,0.020539545588046992
22,20260739,Model 0,Incident multisite,0.8662672559200197,0.005026756694411086
22,20260739,Model 0,Persistent multisite,1.3537205329956603,0.003632101722496926
22,20260739,Model 0,Improvement/contraction,0.931347078218036,0.004700783632125654
22,20260739,Model 0,Window 2,-0.14580625108987696,0.004282300139879537
22,20260739,Model 0,Window 3,-0.020540476642698195,0.0018998083572823825
23,20260740,Model 0,Intercept,-2.4049582046926394,0.0017208403633681986
23,20260740,Model 0,Non-axial/no-axial,0.6601751750183296,0.0031200127263710086
23,20260740,Model 0,Incident isolated,0.6010130147200224,0.013200981445847705
23,20260740,Model 0,Persistent isolated,0.6120440261615643,0.05811942573748314
23,20260740,Model 0,Spread to multisite,1.022238317873195,0.020539561740608274
23,20260740,Model 0,Incident multisite,0.8656399921649138,0.005029558059774101
23,20260740,Model 0,Persistent multisite,1.353289521578132,0.003634155508612472
23,20260740,Model 0,Improvement/contraction,0.9315024890549487,0.0047217468282089135
23,20260740,Model 0,Window 2,-0.14519399541163366,0.004280562069542496
23,20260740,Model 0,Window 3,-0.019928378311610307,0.0018998310246494598
24,20260741,Model 0,Intercept,-2.4050553591412553,0.0017183519281150027
24,20260741,Model 0,Non-axial/no-axial,0.6605181895084593,0.003123733715476609
24,20260741,Model 0,Incident isolated,0.6009565261747205,0.013201867028914514
24,20260741,Model 0,Persistent isolated,0.6108514247468669,0.058103398427745326
24,20260741,Model 0,Spread to multisite,1.023343584897719,0.020524032023846676
24,20260741,Model 0,Incident multisite,0.8655901792326987,0.005033527871929049
24,20260741,Model 0,Persistent multisite,1.3533556027892677,0.0036358389060095614
24,20260741,Model 0,Improvement/contraction,0.9306125946246542,0.004692998656030901
24,20260741,Model 0,Window 2,-0.14250873576171152,0.004282134573218007
24,20260741,Model 0,Window 3,-0.0202981101785537,0.0018945196858111328
25,20260742,Model 0,Intercept,-2.405525017602662,0.0017220023019836896
25,20260742,Model 0,Non-axial/no-axial,0.6598543343071731,0.0031221060855088877
25,20260742,Model 0,Incident isolated,0.6008647828813782,0.013241383901237405
25,20260742,Model 0,Persistent isolated,0.6143574992761976,0.05804723299809255
25,20260742,Model 0,Spread to multisite,1.021663959992192,0.020549130457594496
25,20260742,Model 0,Incident multisite,0.8654479668415709,0.005035241533527192
25,20260742,Model 0,Persistent multisite,1.3533412861666045,0.0036374594916568142
25,20260742,Model 0,Improvement/contraction,0.9311879957489794,0.004722858278325991
25,20260742,Model 0,Window 2,-0.14526248563242605,0.004288749215406283
25,20260742,Model 0,Window 3,-0.01916139267128133,0.0019012192567584834
26,20260743,Model 0,Intercept,-2.4039946224721596,0.0017179510559056249
26,20260743,Model 0,Non-axial/no-axial,0.6605405757952288,0.003118856237920262
26,20260743,Model 0,Incident isolated,0.6001493839888331,0.013208515142318349
26,20260743,Model 0,Persistent isolated,0.6103662187089305,0.0581200613959686
26,20260743,Model 0,Spread to multisite,1.0230469662505857,0.020492054337257325
26,20260743,Model 0,Incident multisite,0.865336608461336,0.005021452197192921
26,20260743,Model 0,Persistent multisite,1.352752667186979,0.0036268065517332795
26,20260743,Model 0,Improvement/contraction,0.9307274476779797,0.00470259912131449
26,20260743,Model 0,Window 2,-0.14267306744197703,0.004281380387707278
26,20260743,Model 0,Window 3,-0.0210497171415947,0.0019030551828507214
27,20260744,Model 0,Intercept,-2.404246866318887,0.0017172280465236605
27,20260744,Model 0,Non-axial/no-axial,0.6608284525023014,0.0031187331089978713
27,20260744,Model 0,Incident isolated,0.6006702179893237,0.013192572541036375
27,20260744,Model 0,Persistent isolated,0.6101448470669572,0.05813731668170119
27,20260744,Model 0,Spread to multisite,1.0237609576539932,0.020512744297263498
27,20260744,Model 0,Incident multisite,0.8658463336761603,0.005019253015387783
27,20260744,Model 0,Persistent multisite,1.3529033133800756,0.0036292706514324384
27,20260744,Model 0,Improvement/contraction,0.9305214361344902,0.004684007069563895
27,20260744,Model 0,Window 2,-0.14303244563176787,0.004272913227086531
27,20260744,Model 0,Window 3,-0.021417097494831207,0.0018973576013285587
28,20260745,Model 0,Intercept,-2.4052208214956505,0.0017238953327881994
28,20260745,Model 0,Non-axial/no-axial,0.6602356227272298,0.0031249664042463606
28,20260745,Model 0,Incident isolated,0.6008031083345332,0.013199367618253797
28,20260745,Model 0,Persistent isolated,0.6109089099148683,0.058149852406128556
28,20260745,Model 0,Spread to multisite,1.0220239788221168,0.020561157123128948
28,20260745,Model 0,Incident multisite,0.8653731883575791,0.005031824062335436
28,20260745,Model 0,Persistent multisite,1.3533227746711465,0.0036376191322745133
28,20260745,Model 0,Improvement/contraction,0.931412890935279,0.004732358435868302
28,20260745,Model 0,Window 2,-0.1448535886684886,0.004289591431311099
28,20260745,Model 0,Window 3,-0.019653815763666302,0.0019053716523261374
29,20260746,Model 0,Intercept,-2.4042219578536446,0.0017222854044575936
29,20260746,Model 0,Non-axial/no-axial,0.660317328364703,0.0031223570201528816
29,20260746,Model 0,Incident isolated,0.6002482631802583,0.013202906220779326
29,20260746,Model 0,Persistent isolated,0.6113464433392102,0.058099872404312636
29,20260746,Model 0,Spread to multisite,1.0224588325230122,0.02051672327814571
29,20260746,Model 0,Incident multisite,0.8650832383357723,0.00502280570360964
29,20260746,Model 0,Persistent multisite,1.352958956866541,0.003627738911654187
29,20260746,Model 0,Improvement/contraction,0.9315219329077616,0.00474495632596997
29,20260746,Model 0,Window 2,-0.14400193464905486,0.004281483132100562
29,20260746,Model 0,Window 3,-0.02022353122924941,0.0019126504748507697
30,20260747,Model 0,Intercept,-2.4047474300667906,0.0017223097962683189
30,20260747,Model 0,Non-axial/no-axial,0.6600510914925068,0.0031310457348470047
30,20260747,Model 0,Incident isolated,0.6000186131638847,0.01319736915167224
30,20260747,Model 0,Persistent isolated,0.6092818641322764,0.05811727392504973
30,20260747,Model 0,Spread to multisite,1.0222352078889776,0.020522139641064953
30,20260747,Model 0,Incident multisite,0.8642870282898036,0.005040767479491984
30,20260747,Model 0,Persistent multisite,1.352491891960876,0.0036374381935663264
30,20260747,Model 0,Improvement/contraction,0.9319197531150166,0.004788350351144673
30,20260747,Model 0,Window 2,-0.1422693995007089,0.004289877076317626
30,20260747,Model 0,Window 3,-0.019004419386817913,0.0019165269012053376
1,20260718,Model 1,Intercept,-5.471650477910374,0.06310227950665792
1,20260718,Model 1,Non-axial/no-axial,0.5748405728121249,0.0031616498420261973
1,20260718,Model 1,Incident isolated,0.5612687278375148,0.00977543891891827
1,20260718,Model 1,Persistent isolated,0.5968182254828714,0.048012308076813774
1,20260718,Model 1,Spread to multisite,0.9316543022248174,0.01936085688452604
1,20260718,Model 1,Incident multisite,0.8016624896743623,0.004625071193001615
1,20260718,Model 1,Persistent multisite,1.2248847230205657,0.003267672962432471
1,20260718,Model 1,Improvement/contraction,0.8390617511980717,0.004462174061894135
1,20260718,Model 1,Window 2,-0.19483905847291305,0.003989157403331109
1,20260718,Model 1,Window 3,-0.16283764457301816,0.00179505420497165
1,20260718,Model 1,"Age, per 10 y",0.38222398730034585,0.0005969770566993961
1,20260718,Model 1,Female,0.19293182289024102,0.001621691839100888
1,20260718,Model 1,Primary education,-0.10268853523130272,0.002905952632155171
1,20260718,Model 1,Middle education,-0.27532661640230116,0.003165847095578452
1,20260718,Model 1,High education+,-0.33459834949057676,0.009067952354366145
1,20260718,Model 1,Married,-0.03244260934150641,0.0021878587805231426
1,20260718,Model 1,Rural,0.11117243426741634,0.004529626208641718
1,20260718,Model 1,Agricultural hukou,0.18662466633306057,0.007073836917955471
1,20260718,Model 1,"BMI, per 5 kg/m2",0.12223752784805551,0.00043765961712374655
2,20260719,Model 1,Intercept,-5.584399984151139,0.06579173784057109
2,20260719,Model 1,Non-axial/no-axial,0.5793908960685494,0.0031359268839493146
2,20260719,Model 1,Incident isolated,0.5611238874917034,0.009711710666163604
2,20260719,Model 1,Persistent isolated,0.6122398722412499,0.04843152615341708
2,20260719,Model 1,Spread to multisite,0.9307061750547063,0.019409484747655102
2,20260719,Model 1,Incident multisite,0.7998349360398045,0.004657342640412249
2,20260719,Model 1,Persistent multisite,1.2271428724764888,0.0032656953727946995
2,20260719,Model 1,Improvement/contraction,0.8366903961128481,0.004429584197156832
2,20260719,Model 1,Window 2,-0.1998421674287179,0.003990581682038974
2,20260719,Model 1,Window 3,-0.16345395177285935,0.001779497071798658
2,20260719,Model 1,"Age, per 10 y",0.3868106741203836,0.0006072456312077851
2,20260719,Model 1,Female,0.1878940407482693,0.0015902292797175866
2,20260719,Model 1,Primary education,-0.10817522728216708,0.002963251135154639
2,20260719,Model 1,Middle education,-0.2744654685648788,0.003219721962237017
2,20260719,Model 1,High education+,-0.32920334101533283,0.008980146480997276
2,20260719,Model 1,Married,-0.03018470900057319,0.0021828466401419663
2,20260719,Model 1,Rural,0.11357853333349308,0.004551248187780462
2,20260719,Model 1,Agricultural hukou,0.19782392761187423,0.007204475042771959
2,20260719,Model 1,"BMI, per 5 kg/m2",0.13773100327380633,0.00046448172011275506
3,20260720,Model 1,Intercept,-5.637376300372528,0.06315102679234937
3,20260720,Model 1,Non-axial/no-axial,0.581141252925518,0.0031313829921113773
3,20260720,Model 1,Incident isolated,0.5666823569118554,0.009729577483485774
3,20260720,Model 1,Persistent isolated,0.6034940896365723,0.04841670104228331
3,20260720,Model 1,Spread to multisite,0.9379481730094062,0.019281766069962503
3,20260720,Model 1,Incident multisite,0.8021218296020275,0.004667878429771991
3,20260720,Model 1,Persistent multisite,1.2305995832961365,0.003269434701567039
3,20260720,Model 1,Improvement/contraction,0.8360929229810748,0.004281791089156483
3,20260720,Model 1,Window 2,-0.19969889478753344,0.003986699318514494
3,20260720,Model 1,Window 3,-0.16642539197025508,0.0017655420290779115
3,20260720,Model 1,"Age, per 10 y",0.3863949329268777,0.0005992656467764964
3,20260720,Model 1,Female,0.18848678722288656,0.0015888741899658526
3,20260720,Model 1,Primary education,-0.1055285627727399,0.002925204403297916
3,20260720,Model 1,Middle education,-0.27422913922892184,0.0032127871818124687
3,20260720,Model 1,High education+,-0.3149311543292052,0.00905268548611617
3,20260720,Model 1,Married,-0.03186132004448733,0.0021866100210826763
3,20260720,Model 1,Rural,0.11738623973519272,0.004578765216776867
3,20260720,Model 1,Agricultural hukou,0.20192489691299081,0.007286973538696659
3,20260720,Model 1,"BMI, per 5 kg/m2",0.14797947973359918,0.00040735912567499183
4,20260721,Model 1,Intercept,-5.54624641754342,0.06399603229757804
4,20260721,Model 1,Non-axial/no-axial,0.580591231285383,0.003128052382525978
4,20260721,Model 1,Incident isolated,0.5629835303721449,0.00968153232284766
4,20260721,Model 1,Persistent isolated,0.6055696486855621,0.047565570527981216
4,20260721,Model 1,Spread to multisite,0.9247701930644735,0.01960378266543852
4,20260721,Model 1,Incident multisite,0.8040585030306387,0.004628531565564641
4,20260721,Model 1,Persistent multisite,1.2307571306401943,0.0032603049227032574
4,20260721,Model 1,Improvement/contraction,0.8393197171505269,0.004371307236270088
4,20260721,Model 1,Window 2,-0.1958694791902415,0.0039631744144984875
4,20260721,Model 1,Window 3,-0.16437657134568628,0.0017666867618981472
4,20260721,Model 1,"Age, per 10 y",0.3838945238735941,0.0005940440046953878
4,20260721,Model 1,Female,0.18881020791683878,0.001594598450957933
4,20260721,Model 1,Primary education,-0.10761732500328675,0.0029328679100519123
4,20260721,Model 1,Middle education,-0.27983239727850795,0.00321791881271441
4,20260721,Model 1,High education+,-0.32994159609630985,0.009002306382935263
4,20260721,Model 1,Married,-0.03363446178460506,0.0021487489125674346
4,20260721,Model 1,Rural,0.11448887601130381,0.004533407262016755
4,20260721,Model 1,Agricultural hukou,0.19248369850866173,0.007156132549348389
4,20260721,Model 1,"BMI, per 5 kg/m2",0.1347126114628747,0.0004145321019625479
5,20260722,Model 1,Intercept,-5.590211441316845,0.06384346470784015
5,20260722,Model 1,Non-axial/no-axial,0.5800078165643332,0.00311938065717802
5,20260722,Model 1,Incident isolated,0.5643400522031587,0.00973937447273639
5,20260722,Model 1,Persistent isolated,0.5918601990978448,0.04862407451116905
5,20260722,Model 1,Spread to multisite,0.9239701254010538,0.01950383394850919
5,20260722,Model 1,Incident multisite,0.8038434902575897,0.004652399069684884
5,20260722,Model 1,Persistent multisite,1.230149340908423,0.0032639409617000186
5,20260722,Model 1,Improvement/contraction,0.8382525026138106,0.004348448151522954
5,20260722,Model 1,Window 2,-0.19872243104078488,0.003983051620530086
5,20260722,Model 1,Window 3,-0.1667251302239829,0.0017776589826007576
5,20260722,Model 1,"Age, per 10 y",0.3862368205308351,0.0006012029418296339
5,20260722,Model 1,Female,0.18839725449830527,0.001591521559553504
5,20260722,Model 1,Primary education,-0.10724275028125926,0.0029530243068450943
5,20260722,Model 1,Middle education,-0.27575611502734493,0.0032097097223232965
5,20260722,Model 1,High education+,-0.3224838547724147,0.008983938183946449
5,20260722,Model 1,Married,-0.02953280331866936,0.002198316876838901
5,20260722,Model 1,Rural,0.11583311538087036,0.004547101713633896
5,20260722,Model 1,Agricultural hukou,0.19590982194495002,0.007229060496162478
5,20260722,Model 1,"BMI, per 5 kg/m2",0.13946686364182617,0.00043160497918489683
6,20260723,Model 1,Intercept,-5.568477785361346,0.06432161319658877
6,20260723,Model 1,Non-axial/no-axial,0.5757491530372985,0.0031600855262231865
6,20260723,Model 1,Incident isolated,0.5637078654098338,0.009738468181317036
6,20260723,Model 1,Persistent isolated,0.606933102139077,0.04823050844153784
6,20260723,Model 1,Spread to multisite,0.9255516522313105,0.01938662131828362
6,20260723,Model 1,Incident multisite,0.8021691852857029,0.0046560160121645626
6,20260723,Model 1,Persistent multisite,1.2287503438115748,0.00326242347193993
6,20260723,Model 1,Improvement/contraction,0.8363762505093224,0.004294832159314463
6,20260723,Model 1,Window 2,-0.19732474043911158,0.003990684868475253
6,20260723,Model 1,Window 3,-0.16232177601279404,0.0017808019300180828
6,20260723,Model 1,"Age, per 10 y",0.38496100455782556,0.0006039538728233736
6,20260723,Model 1,Female,0.18935246606788023,0.0016180285621597574
6,20260723,Model 1,Primary education,-0.10371964325836067,0.002919826124446979
6,20260723,Model 1,Middle education,-0.2757356527220716,0.0032158025323397246
6,20260723,Model 1,High education+,-0.3305472269321764,0.009092837737875361
6,20260723,Model 1,Married,-0.031445507579425575,0.002172070550611256
6,20260723,Model 1,Rural,0.11681118362090118,0.004564930928463035
6,20260723,Model 1,Agricultural hukou,0.19288057229143332,0.007162655904074835
6,20260723,Model 1,"BMI, per 5 kg/m2",0.13701440658326466,0.0003998204987379776
7,20260724,Model 1,Intercept,-5.570407764085175,0.060748545561518985
7,20260724,Model 1,Non-axial/no-axial,0.5799140719422616,0.003129288247416741
7,20260724,Model 1,Incident isolated,0.5643655746976776,0.009723809874983409
7,20260724,Model 1,Persistent isolated,0.5983094341457103,0.04816587365590543
7,20260724,Model 1,Spread to multisite,0.9228644394633194,0.019495516410418027
7,20260724,Model 1,Incident multisite,0.8018284243320494,0.004669430554464357
7,20260724,Model 1,Persistent multisite,1.2286201816606765,0.0032716915517654235
7,20260724,Model 1,Improvement/contraction,0.8398682443617922,0.00435092282235255
7,20260724,Model 1,Window 2,-0.197549664278326,0.003997275826312162
7,20260724,Model 1,Window 3,-0.1639810603014995,0.0017658550630029648
7,20260724,Model 1,"Age, per 10 y",0.38479130725619415,0.0005931485494964029
7,20260724,Model 1,Female,0.1888425729729884,0.0016168693900007983
7,20260724,Model 1,Primary education,-0.10262109653577974,0.0029273542611770653
7,20260724,Model 1,Middle education,-0.27521033550083746,0.0032290772849753965
7,20260724,Model 1,High education+,-0.33129753923694455,0.009031858866160298
7,20260724,Model 1,Married,-0.03415947650799044,0.002182464856073259
7,20260724,Model 1,Rural,0.11596807406739175,0.004561506468503535
7,20260724,Model 1,Agricultural hukou,0.19329908037670307,0.007100219913997271
7,20260724,Model 1,"BMI, per 5 kg/m2",0.13820637882891196,0.00040897720350459353
8,20260725,Model 1,Intercept,-5.587113131940403,0.062487197859713545
8,20260725,Model 1,Non-axial/no-axial,0.5799803299036173,0.0031496523508476285
8,20260725,Model 1,Incident isolated,0.5585977318806606,0.009754220225487192
8,20260725,Model 1,Persistent isolated,0.6000238784126147,0.04820507942088602
8,20260725,Model 1,Spread to multisite,0.9375543739117452,0.019330816149678184
8,20260725,Model 1,Incident multisite,0.8008697528124541,0.004671226213424486
8,20260725,Model 1,Persistent multisite,1.2301770414353146,0.003241888516387371
8,20260725,Model 1,Improvement/contraction,0.8402978864656512,0.004360984100744835
8,20260725,Model 1,Window 2,-0.2001446096407763,0.003979169797081852
8,20260725,Model 1,Window 3,-0.1642110375401635,0.0017665835360514606
8,20260725,Model 1,"Age, per 10 y",0.38514191106880635,0.0005981702943148883
8,20260725,Model 1,Female,0.18434157755958053,0.0016045687962388017
8,20260725,Model 1,Primary education,-0.10469062322682403,0.002905313209697995
8,20260725,Model 1,Middle education,-0.27989801303730755,0.003191265327587659
8,20260725,Model 1,High education+,-0.32788929988352916,0.008973066086893593
8,20260725,Model 1,Married,-0.03053332956933158,0.0021774732462142726
8,20260725,Model 1,Rural,0.11651402224490126,0.0045448754705811195
8,20260725,Model 1,Agricultural hukou,0.19536737574420884,0.0070820941113943
8,20260725,Model 1,"BMI, per 5 kg/m2",0.14110792826382698,0.0004304789752373835
9,20260726,Model 1,Intercept,-5.542666215829788,0.0643375024207784
9,20260726,Model 1,Non-axial/no-axial,0.5793734985498701,0.003147269914499308
9,20260726,Model 1,Incident isolated,0.5632795335687998,0.009727572278976736
9,20260726,Model 1,Persistent isolated,0.5933956314609063,0.04897084934572237
9,20260726,Model 1,Spread to multisite,0.9237879051706728,0.019544295381134422
9,20260726,Model 1,Incident multisite,0.8010760942084523,0.004662301825287755
9,20260726,Model 1,Persistent multisite,1.2283460183557435,0.003281603823153348
9,20260726,Model 1,Improvement/contraction,0.837613740451333,0.004345367523780053
9,20260726,Model 1,Window 2,-0.19777131471352102,0.003988555800495399
9,20260726,Model 1,Window 3,-0.16433010748293275,0.0017711542770177577
9,20260726,Model 1,"Age, per 10 y",0.3842854080826436,0.0005988753867697388
9,20260726,Model 1,Female,0.19060163194622193,0.0015949225662665778
9,20260726,Model 1,Primary education,-0.1023546947677067,0.0029029735424908353
9,20260726,Model 1,Middle education,-0.2775461789068682,0.003207202253271903
9,20260726,Model 1,High education+,-0.33050071756225163,0.008975682171646402
9,20260726,Model 1,Married,-0.031608055695018726,0.0021663306962133866
9,20260726,Model 1,Rural,0.1137636787495586,0.004562720571234769
9,20260726,Model 1,Agricultural hukou,0.19492735386083046,0.007216524606315013
9,20260726,Model 1,"BMI, per 5 kg/m2",0.13254125947469783,0.00041724720068905244
10,20260727,Model 1,Intercept,-5.596597830275871,0.06391176975736364
10,20260727,Model 1,Non-axial/no-axial,0.5794241570078618,0.003142411844195484
10,20260727,Model 1,Incident isolated,0.5643440686489646,0.009700438000440553
10,20260727,Model 1,Persistent isolated,0.6106517633201596,0.04828296141615424
10,20260727,Model 1,Spread to multisite,0.9363313303278653,0.019105121392626517
10,20260727,Model 1,Incident multisite,0.8017038176923351,0.00468373001770538
10,20260727,Model 1,Persistent multisite,1.2285470193903787,0.003262150965027176
10,20260727,Model 1,Improvement/contraction,0.8380405856738985,0.0043295292687079955
10,20260727,Model 1,Window 2,-0.19945473959139456,0.003996268724030219
10,20260727,Model 1,Window 3,-0.1642022762088006,0.0017835837256941864
10,20260727,Model 1,"Age, per 10 y",0.38617102273689735,0.0006079080963876599
10,20260727,Model 1,Female,0.18763232304319294,0.0016134842403292581
10,20260727,Model 1,Primary education,-0.1083989903709272,0.0029648618946347635
10,20260727,Model 1,Middle education,-0.27575993989082737,0.0032282387291638712
10,20260727,Model 1,High education+,-0.32974714072217814,0.00900121621839908
10,20260727,Model 1,Married,-0.030936819840904472,0.00217433574511616
10,20260727,Model 1,Rural,0.11633480133881706,0.004556908587991234
10,20260727,Model 1,Agricultural hukou,0.197511813707442,0.007184911946744674
10,20260727,Model 1,"BMI, per 5 kg/m2",0.14096812626817343,0.00038646794326654716
11,20260728,Model 1,Intercept,-5.557317915909213,0.06184398508270193
11,20260728,Model 1,Non-axial/no-axial,0.5779316869171274,0.0031790299402179637
11,20260728,Model 1,Incident isolated,0.5627066316438429,0.009670161945184634
11,20260728,Model 1,Persistent isolated,0.5923035144738287,0.049003344741345094
11,20260728,Model 1,Spread to multisite,0.9226845449828496,0.019185834905975467
11,20260728,Model 1,Incident multisite,0.8018530005116022,0.004671781148016863
11,20260728,Model 1,Persistent multisite,1.2289554197723969,0.003281135327183453
11,20260728,Model 1,Improvement/contraction,0.8392305670638773,0.004410277125372399
11,20260728,Model 1,Window 2,-0.1996129582811835,0.004010832159918922
11,20260728,Model 1,Window 3,-0.16422298682476605,0.0017808035558113816
11,20260728,Model 1,"Age, per 10 y",0.38377265820476203,0.0005976640575008138
11,20260728,Model 1,Female,0.18733222399570984,0.0016044215417994492
11,20260728,Model 1,Primary education,-0.10379586969603985,0.0029255330097449003
11,20260728,Model 1,Middle education,-0.27508782049269015,0.0032142324163690426
11,20260728,Model 1,High education+,-0.3334367262185163,0.009080957140584957
11,20260728,Model 1,Married,-0.03465138183836437,0.0021750370602169394
11,20260728,Model 1,Rural,0.1148788160698612,0.004569082659494463
11,20260728,Model 1,Agricultural hukou,0.19600569960312225,0.0071721010612741136
11,20260728,Model 1,"BMI, per 5 kg/m2",0.13685529382862377,0.00047207755281801955
12,20260729,Model 1,Intercept,-5.541213608107177,0.06435494873322496
12,20260729,Model 1,Non-axial/no-axial,0.5780344371218222,0.0031753341301686672
12,20260729,Model 1,Incident isolated,0.5643771066510254,0.009740225585534345
12,20260729,Model 1,Persistent isolated,0.5915646808455077,0.0488302760820342
12,20260729,Model 1,Spread to multisite,0.9266745623037247,0.01944206919348443
12,20260729,Model 1,Incident multisite,0.8028989145930756,0.004633946563493674
12,20260729,Model 1,Persistent multisite,1.2304239571975626,0.003273605807974356
12,20260729,Model 1,Improvement/contraction,0.8386227159384761,0.0043603763358693
12,20260729,Model 1,Window 2,-0.19384439922012492,0.0040035679626593025
12,20260729,Model 1,Window 3,-0.16297465390126156,0.001800502142467813
12,20260729,Model 1,"Age, per 10 y",0.38410938991072097,0.000603950820992457
12,20260729,Model 1,Female,0.1840855303122142,0.001611926527629454
12,20260729,Model 1,Primary education,-0.10740608888739733,0.0029324471473651517
12,20260729,Model 1,Middle education,-0.2775303808688007,0.0032118050896077634
12,20260729,Model 1,High education+,-0.3352041558650635,0.009091477879452942
12,20260729,Model 1,Married,-0.03441033493969464,0.002182461887798721
12,20260729,Model 1,Rural,0.11336225941097147,0.004553011648190658
12,20260729,Model 1,Agricultural hukou,0.19487473475743433,0.007215031030143942
12,20260729,Model 1,"BMI, per 5 kg/m2",0.13387136742395944,0.0004296950503024402
13,20260730,Model 1,Intercept,-5.553573632897043,0.061908262921053434
13,20260730,Model 1,Non-axial/no-axial,0.5786165437894859,0.003119611511961239
13,20260730,Model 1,Incident isolated,0.5640250185751071,0.009718426942393317
13,20260730,Model 1,Persistent isolated,0.6052423224025806,0.048296248457884994
13,20260730,Model 1,Spread to multisite,0.9306031320632084,0.019270405112376047
13,20260730,Model 1,Incident multisite,0.8007304423645975,0.004666260958486282
13,20260730,Model 1,Persistent multisite,1.2325411009791172,0.0032362156548751513
13,20260730,Model 1,Improvement/contraction,0.8401808471081584,0.00443606201785558
13,20260730,Model 1,Window 2,-0.19758657377320027,0.00397619454528737
13,20260730,Model 1,Window 3,-0.1641754955801991,0.0017793586221626773
13,20260730,Model 1,"Age, per 10 y",0.3847904533896271,0.0005936396824241102
13,20260730,Model 1,Female,0.19012653481251265,0.0016135453579121815
13,20260730,Model 1,Primary education,-0.10538154945984311,0.002969414470244688
13,20260730,Model 1,Middle education,-0.2737032625995134,0.0032006387636754436
13,20260730,Model 1,High education+,-0.3303498471462398,0.008922257773106892
13,20260730,Model 1,Married,-0.0325054952283679,0.0021883026267413516
13,20260730,Model 1,Rural,0.1148564942447653,0.004566054027083159
13,20260730,Model 1,Agricultural hukou,0.19252499429883432,0.007079997546634861
13,20260730,Model 1,"BMI, per 5 kg/m2",0.13480400799531303,0.0004649634576188086
14,20260731,Model 1,Intercept,-5.507029627277814,0.06434823860160613
14,20260731,Model 1,Non-axial/no-axial,0.5786630200379139,0.003107168778976017
14,20260731,Model 1,Incident isolated,0.5622423269504846,0.009775821846824047
14,20260731,Model 1,Persistent isolated,0.5962931167470403,0.04820012120711259
14,20260731,Model 1,Spread to multisite,0.9272658349234044,0.01964133714638434
14,20260731,Model 1,Incident multisite,0.803661491915394,0.004631890729019192
14,20260731,Model 1,Persistent multisite,1.2290472867755466,0.0032625127242941806
14,20260731,Model 1,Improvement/contraction,0.8390336856161579,0.004421792937028908
14,20260731,Model 1,Window 2,-0.1980093716050903,0.003944408685113394
14,20260731,Model 1,Window 3,-0.16306506907624632,0.0017689416890774834
14,20260731,Model 1,"Age, per 10 y",0.38425263349508215,0.0005978896959338026
14,20260731,Model 1,Female,0.19136190751736987,0.0016034959173209986
14,20260731,Model 1,Primary education,-0.10415956691754173,0.0029138558965819245
14,20260731,Model 1,Middle education,-0.2728668057248906,0.003167093705284041
14,20260731,Model 1,High education+,-0.32805984887687367,0.008970336069644386
14,20260731,Model 1,Married,-0.031069052102853517,0.002186314298521707
14,20260731,Model 1,Rural,0.112612721966632,0.00453262325594012
14,20260731,Model 1,Agricultural hukou,0.19038906636636513,0.007115311167137571
14,20260731,Model 1,"BMI, per 5 kg/m2",0.1257187867842539,0.00043451727888702826
15,20260732,Model 1,Intercept,-5.513964497582839,0.0654707472702533
15,20260732,Model 1,Non-axial/no-axial,0.5770113850994287,0.0031427935227747623
15,20260732,Model 1,Incident isolated,0.563211769686811,0.00976415685445672
15,20260732,Model 1,Persistent isolated,0.5989329588092013,0.048143991398571166
15,20260732,Model 1,Spread to multisite,0.931061472940155,0.019310639285752246
15,20260732,Model 1,Incident multisite,0.8010586820143801,0.0046727614496752485
15,20260732,Model 1,Persistent multisite,1.2277980795035017,0.0032671171093176347
15,20260732,Model 1,Improvement/contraction,0.8380824408312632,0.004365213732362888
15,20260732,Model 1,Window 2,-0.19451603301914902,0.004001929246613871
15,20260732,Model 1,Window 3,-0.1619996220722699,0.0017834587875568552
15,20260732,Model 1,"Age, per 10 y",0.38354373194606833,0.0006066465302511636
15,20260732,Model 1,Female,0.1917422903977369,0.0016170343264746145
15,20260732,Model 1,Primary education,-0.10392573041055238,0.002920929955353349
15,20260732,Model 1,Middle education,-0.27466911405485517,0.0031970867451779532
15,20260732,Model 1,High education+,-0.32716673957080655,0.00901017108523342
15,20260732,Model 1,Married,-0.031109103745042176,0.002180633693175938
15,20260732,Model 1,Rural,0.11418545722510398,0.00453500628786815
15,20260732,Model 1,Agricultural hukou,0.19219219773076582,0.007183206728635944
15,20260732,Model 1,"BMI, per 5 kg/m2",0.12763517317358677,0.00038518970235646013
16,20260733,Model 1,Intercept,-5.554426600358858,0.06498725256148913
16,20260733,Model 1,Non-axial/no-axial,0.5790884508559071,0.0031210051511048613
16,20260733,Model 1,Incident isolated,0.5637933578815828,0.009762757415827395
16,20260733,Model 1,Persistent isolated,0.5947237299738891,0.04866237861820616
16,20260733,Model 1,Spread to multisite,0.9213435008539302,0.0195941740384122
16,20260733,Model 1,Incident multisite,0.8028092416448058,0.004667927870161199
16,20260733,Model 1,Persistent multisite,1.229487992882332,0.003283988473455776
16,20260733,Model 1,Improvement/contraction,0.8391675931572602,0.004365000368770531
16,20260733,Model 1,Window 2,-0.19681472632837532,0.003990583735982743
16,20260733,Model 1,Window 3,-0.16383280114018164,0.0017856970800684715
16,20260733,Model 1,"Age, per 10 y",0.38515959721264,0.0006078935532130569
16,20260733,Model 1,Female,0.18791554098224963,0.0016220011293719544
16,20260733,Model 1,Primary education,-0.10988751479290179,0.0029460300726781696
16,20260733,Model 1,Middle education,-0.27646712279940794,0.003200921513505218
16,20260733,Model 1,High education+,-0.33266501955092476,0.00897162243006944
16,20260733,Model 1,Married,-0.030960534544042954,0.002176727645882484
16,20260733,Model 1,Rural,0.11488545766467051,0.004545291039828257
16,20260733,Model 1,Agricultural hukou,0.1929818600123676,0.007163600784011415
16,20260733,Model 1,"BMI, per 5 kg/m2",0.13453604486530696,0.00041466461872231814
17,20260734,Model 1,Intercept,-5.556933446852715,0.0642640107694301
17,20260734,Model 1,Non-axial/no-axial,0.581990729077908,0.003118266649702731
17,20260734,Model 1,Incident isolated,0.5640174980888614,0.009691377805395422
17,20260734,Model 1,Persistent isolated,0.6006597774721693,0.04843007577566175
17,20260734,Model 1,Spread to multisite,0.9334970976503183,0.01932993975532561
17,20260734,Model 1,Incident multisite,0.8019695483972059,0.00464693879071731
17,20260734,Model 1,Persistent multisite,1.2274654328466827,0.0032779688477467183
17,20260734,Model 1,Improvement/contraction,0.8395044820908909,0.004342785128130052
17,20260734,Model 1,Window 2,-0.19951866399311977,0.003970883421475446
17,20260734,Model 1,Window 3,-0.1647285853616736,0.001760515040234211
17,20260734,Model 1,"Age, per 10 y",0.3860850175560598,0.000607963090886065
17,20260734,Model 1,Female,0.1904896832504561,0.0015896383719100967
17,20260734,Model 1,Primary education,-0.1052936002378447,0.002928119159253569
17,20260734,Model 1,Middle education,-0.2766998703224488,0.0031980710302854523
17,20260734,Model 1,High education+,-0.31787075704920564,0.008941158916282964
17,20260734,Model 1,Married,-0.031168260756570414,0.0021882251683789417
17,20260734,Model 1,Rural,0.11392065480505845,0.00454396063569078
17,20260734,Model 1,Agricultural hukou,0.19416146676685483,0.007163421921400153
17,20260734,Model 1,"BMI, per 5 kg/m2",0.13310519199395096,0.0003911911686312744
18,20260735,Model 1,Intercept,-5.536292025367422,0.06378080963680378
18,20260735,Model 1,Non-axial/no-axial,0.5792018604120422,0.003131217166263674
18,20260735,Model 1,Incident isolated,0.5621551874527585,0.009726921506457644
18,20260735,Model 1,Persistent isolated,0.6031720257696038,0.04760623408807977
18,20260735,Model 1,Spread to multisite,0.9222638735718505,0.019473061715570655
18,20260735,Model 1,Incident multisite,0.8026229649700511,0.0046534413238357416
18,20260735,Model 1,Persistent multisite,1.231546676894169,0.00327242782049338
18,20260735,Model 1,Improvement/contraction,0.8361277853538263,0.004348125274749219
18,20260735,Model 1,Window 2,-0.1965245196997684,0.003984126375213481
18,20260735,Model 1,Window 3,-0.16465297236205625,0.0017805110348883318
18,20260735,Model 1,"Age, per 10 y",0.3841853432244471,0.000603101582240239
18,20260735,Model 1,Female,0.1882358942410131,0.001608195777770617
18,20260735,Model 1,Primary education,-0.10394721719021362,0.00289991191427285
18,20260735,Model 1,Middle education,-0.2799973989758619,0.0031890070130680963
18,20260735,Model 1,High education+,-0.33139274682975983,0.009032506941438867
18,20260735,Model 1,Married,-0.03376200579220454,0.0021647024098759705
18,20260735,Model 1,Rural,0.1145737377754549,0.004558916948259783
18,20260735,Model 1,Agricultural hukou,0.18929316263371926,0.007161150176912456
18,20260735,Model 1,"BMI, per 5 kg/m2",0.13312661676853912,0.00040944422934811766
19,20260736,Model 1,Intercept,-5.550122297720999,0.06354017085137875
19,20260736,Model 1,Non-axial/no-axial,0.577471734565006,0.00315865682854338
19,20260736,Model 1,Incident isolated,0.5590334839629042,0.009774806583519102
19,20260736,Model 1,Persistent isolated,0.607009589477068,0.047682392445240286
19,20260736,Model 1,Spread to multisite,0.9308287491217455,0.01940217883377092
19,20260736,Model 1,Incident multisite,0.8025122312956102,0.00466697029865228
19,20260736,Model 1,Persistent multisite,1.2285943260528622,0.003276649672817775
19,20260736,Model 1,Improvement/contraction,0.8388540873730254,0.004370524042680385
19,20260736,Model 1,Window 2,-0.1978631134990846,0.003991957534530864
19,20260736,Model 1,Window 3,-0.1623625488907254,0.0017729225552807224
19,20260736,Model 1,"Age, per 10 y",0.38514421734078486,0.0005993437968730505
19,20260736,Model 1,Female,0.1906952375409033,0.0016088609632092777
19,20260736,Model 1,Primary education,-0.10645896535951017,0.0029268959384684684
19,20260736,Model 1,Middle education,-0.2750285109956032,0.003172755472331774
19,20260736,Model 1,High education+,-0.3301544471798942,0.008989650782051495
19,20260736,Model 1,Married,-0.03308588064983957,0.0021598208038492665
19,20260736,Model 1,Rural,0.11412410265729911,0.004565252436834599
19,20260736,Model 1,Agricultural hukou,0.1935365866427316,0.007227900796398239
19,20260736,Model 1,"BMI, per 5 kg/m2",0.13341809445426858,0.0004083263804173463
20,20260737,Model 1,Intercept,-5.54476336800135,0.0640137272016571
20,20260737,Model 1,Non-axial/no-axial,0.5792263881095068,0.003125425063926076
20,20260737,Model 1,Incident isolated,0.5640238297546774,0.009751013273336844
20,20260737,Model 1,Persistent isolated,0.5796955699008705,0.04853615247113221
20,20260737,Model 1,Spread to multisite,0.9250786859853481,0.01952256802641143
20,20260737,Model 1,Incident multisite,0.8021295447968666,0.004645758901787394
20,20260737,Model 1,Persistent multisite,1.226481364877034,0.003283130015716003
20,20260737,Model 1,Improvement/contraction,0.8373735264908956,0.00437923278625859
20,20260737,Model 1,Window 2,-0.19664925419844986,0.003961154876795482
20,20260737,Model 1,Window 3,-0.16523478106526251,0.001773196538958738
20,20260737,Model 1,"Age, per 10 y",0.38507727486935706,0.000601960681415955
20,20260737,Model 1,Female,0.18969107881374692,0.0015988717529017626
20,20260737,Model 1,Primary education,-0.10399041994702161,0.002942668006355964
20,20260737,Model 1,Middle education,-0.2744983932246498,0.0032148813662278104
20,20260737,Model 1,High education+,-0.3344458132169235,0.00897951711061628
20,20260737,Model 1,Married,-0.03117146989757139,0.0021751887007407946
20,20260737,Model 1,Rural,0.11459357579507178,0.004532869107737966
20,20260737,Model 1,Agricultural hukou,0.19006328456095245,0.007134703486847896
20,20260737,Model 1,"BMI, per 5 kg/m2",0.13289763425142948,0.000406695413342159
21,20260738,Model 1,Intercept,-5.530014304203383,0.06388341649124304
21,20260738,Model 1,Non-axial/no-axial,0.5800926418163483,0.0031103149394634097
21,20260738,Model 1,Incident isolated,0.5629882942572132,0.009724233902711628
21,20260738,Model 1,Persistent isolated,0.596450918154398,0.049005958518071824
21,20260738,Model 1,Spread to multisite,0.928707902356668,0.019531009294345314
21,20260738,Model 1,Incident multisite,0.8042158503982687,0.004659562580593718
21,20260738,Model 1,Persistent multisite,1.2299291530188536,0.0032583059455471588
21,20260738,Model 1,Improvement/contraction,0.8397914597572601,0.004441061453562671
21,20260738,Model 1,Window 2,-0.19584551202331948,0.0039724195250614314
21,20260738,Model 1,Window 3,-0.163532029576533,0.0017949171643428022
21,20260738,Model 1,"Age, per 10 y",0.3838382654138007,0.0005967918471954382
21,20260738,Model 1,Female,0.19237975233205698,0.0016107452483293597
21,20260738,Model 1,Primary education,-0.10002126568581676,0.0029127201549430963
21,20260738,Model 1,Middle education,-0.27242122621196996,0.0031865218577539515
21,20260738,Model 1,High education+,-0.32666887120975485,0.008960900155722283
21,20260738,Model 1,Married,-0.032193350788148306,0.002168887638105139
21,20260738,Model 1,Rural,0.11486277435974265,0.004527633365113128
21,20260738,Model 1,Agricultural hukou,0.18989328091960758,0.007107933558227206
21,20260738,Model 1,"BMI, per 5 kg/m2",0.13051982673429147,0.0003950460837407193
22,20260739,Model 1,Intercept,-5.572969624638194,0.06292670991108447
22,20260739,Model 1,Non-axial/no-axial,0.579773607487866,0.0031368184252721053
22,20260739,Model 1,Incident isolated,0.5612660406842331,0.009714347685518146
22,20260739,Model 1,Persistent isolated,0.602293414509436,0.04823090809642408
22,20260739,Model 1,Spread to multisite,0.9264867211422387,0.019490198517296647
22,20260739,Model 1,Incident multisite,0.8022486442326543,0.004673318827563248
22,20260739,Model 1,Persistent multisite,1.230036543715663,0.0032524388751118943
22,20260739,Model 1,Improvement/contraction,0.8371689224573169,0.004284854343791758
22,20260739,Model 1,Window 2,-0.19985928216618842,0.00398011245767415
22,20260739,Model 1,Window 3,-0.16584998527467068,0.0017654075436311866
22,20260739,Model 1,"Age, per 10 y",0.3847629153195598,0.0005969027232709506
22,20260739,Model 1,Female,0.18828578799208154,0.0016000359771763371
22,20260739,Model 1,Primary education,-0.10512397615885662,0.00290071840033156
22,20260739,Model 1,Middle education,-0.2778255375751026,0.0032089828879123703
22,20260739,Model 1,High education+,-0.33483703236310086,0.008950490277926888
22,20260739,Model 1,Married,-0.032089504175588195,0.0021810486971837145
22,20260739,Model 1,Rural,0.11622460440417186,0.0045476015219735825
22,20260739,Model 1,Agricultural hukou,0.19383544051297819,0.007196284229541665
22,20260739,Model 1,"BMI, per 5 kg/m2",0.1388212429933564,0.00040582876455361823
23,20260740,Model 1,Intercept,-5.557170113123079,0.062186153295741536
23,20260740,Model 1,Non-axial/no-axial,0.5793960184331859,0.0031356843593190447
23,20260740,Model 1,Incident isolated,0.565785987107257,0.009718808711557354
23,20260740,Model 1,Persistent isolated,0.5992728789601761,0.04758737867516508
23,20260740,Model 1,Spread to multisite,0.9229439785271105,0.019651082585967542
23,20260740,Model 1,Incident multisite,0.8035331187533651,0.004651311120827826
23,20260740,Model 1,Persistent multisite,1.2287440734996062,0.0032663386081103734
23,20260740,Model 1,Improvement/contraction,0.8387806755733509,0.004359235909491571
23,20260740,Model 1,Window 2,-0.19880021401535825,0.0039838406464224015
23,20260740,Model 1,Window 3,-0.16240280810694535,0.0017784494102165817
23,20260740,Model 1,"Age, per 10 y",0.3843500812184978,0.0005952763945362161
23,20260740,Model 1,Female,0.18838106969797158,0.0016014655944860264
23,20260740,Model 1,Primary education,-0.10383862924882786,0.002935120418983935
23,20260740,Model 1,Middle education,-0.2752916062517992,0.003200749019988616
23,20260740,Model 1,High education+,-0.33046877522673446,0.009000271555356251
23,20260740,Model 1,Married,-0.03222604737676919,0.0021765120588679338
23,20260740,Model 1,Rural,0.11536605888710519,0.00454069562081991
23,20260740,Model 1,Agricultural hukou,0.19407010197046481,0.0071598817705341294
23,20260740,Model 1,"BMI, per 5 kg/m2",0.1355221381987344,0.0004195326670394965
24,20260741,Model 1,Intercept,-5.581001429148085,0.06325100729198546
24,20260741,Model 1,Non-axial/no-axial,0.5799952923254736,0.003135109493663747
24,20260741,Model 1,Incident isolated,0.5638943710330794,0.009731493709979513
24,20260741,Model 1,Persistent isolated,0.6022569151664134,0.048476343876953244
24,20260741,Model 1,Spread to multisite,0.9290936312477942,0.019379583128293788
24,20260741,Model 1,Incident multisite,0.8029141176945727,0.004670292396279038
24,20260741,Model 1,Persistent multisite,1.2279097622010868,0.0032736156159003443
24,20260741,Model 1,Improvement/contraction,0.8365362198232371,0.004377586991005104
24,20260741,Model 1,Window 2,-0.19833117784663487,0.0039694509957034765
24,20260741,Model 1,Window 3,-0.16643194740653852,0.0017715741898765651
24,20260741,Model 1,"Age, per 10 y",0.3854202444009326,0.0006011605373842704
24,20260741,Model 1,Female,0.18879510209318792,0.0016030506201034946
24,20260741,Model 1,Primary education,-0.10570271338949105,0.0029641371660332864
24,20260741,Model 1,Middle education,-0.2718066315501385,0.0031929393900485287
24,20260741,Model 1,High education+,-0.3298677882296403,0.008981563989961649
24,20260741,Model 1,Married,-0.030213569245005883,0.0021976259085959805
24,20260741,Model 1,Rural,0.11647113799661067,0.004546012307818131
24,20260741,Model 1,Agricultural hukou,0.19247785941536907,0.007161542278547031
24,20260741,Model 1,"BMI, per 5 kg/m2",0.139292177433824,0.0005225008224667031
25,20260742,Model 1,Intercept,-5.53066232470358,0.06510292779925514
25,20260742,Model 1,Non-axial/no-axial,0.5785216841228394,0.0031310643684919386
25,20260742,Model 1,Incident isolated,0.5599671546849305,0.009756051342754346
25,20260742,Model 1,Persistent isolated,0.5912228501384494,0.04796038482074233
25,20260742,Model 1,Spread to multisite,0.9255634582500385,0.019308471467759828
25,20260742,Model 1,Incident multisite,0.8039326593182815,0.004665931601958139
25,20260742,Model 1,Persistent multisite,1.2295156891906494,0.003257490659445194
25,20260742,Model 1,Improvement/contraction,0.8379526839479129,0.0043646493480924515
25,20260742,Model 1,Window 2,-0.19894531879444896,0.00398657299376478
25,20260742,Model 1,Window 3,-0.16504561659776998,0.0017804629538950539
25,20260742,Model 1,"Age, per 10 y",0.38443757612061896,0.0006090241433654582
25,20260742,Model 1,Female,0.18946967066897255,0.001611693330836596
25,20260742,Model 1,Primary education,-0.10600952821440421,0.0029296995593593145
25,20260742,Model 1,Middle education,-0.2717758347733265,0.0031956415473091433
25,20260742,Model 1,High education+,-0.3292908862674341,0.009020857737731201
25,20260742,Model 1,Married,-0.032625153616719235,0.0021802958299175623
25,20260742,Model 1,Rural,0.11562486105832664,0.004550143071999024
25,20260742,Model 1,Agricultural hukou,0.19112455886433988,0.007121179675428642
25,20260742,Model 1,"BMI, per 5 kg/m2",0.13056354007667384,0.00036967851183230903
26,20260743,Model 1,Intercept,-5.491995274638658,0.06492418053430726
26,20260743,Model 1,Non-axial/no-axial,0.5777220187520087,0.0031569062484967177
26,20260743,Model 1,Incident isolated,0.5617852233520095,0.009712288920121897
26,20260743,Model 1,Persistent isolated,0.6041031306415405,0.04768070395932479
26,20260743,Model 1,Spread to multisite,0.9336924590980328,0.01934867294925107
26,20260743,Model 1,Incident multisite,0.8007351087042117,0.004641955338615039
26,20260743,Model 1,Persistent multisite,1.2258933483020436,0.0032701547204436786
26,20260743,Model 1,Improvement/contraction,0.8403915271208081,0.004414288448921262
26,20260743,Model 1,Window 2,-0.19634950309187166,0.003995840053255598
26,20260743,Model 1,Window 3,-0.16318098345217774,0.0017813660239447892
26,20260743,Model 1,"Age, per 10 y",0.38334841764957417,0.000602524994562385
26,20260743,Model 1,Female,0.1906363640436361,0.0016032863099584426
26,20260743,Model 1,Primary education,-0.1079085130367901,0.0029446756474984714
26,20260743,Model 1,Middle education,-0.2757815000387442,0.003198328749027407
26,20260743,Model 1,High education+,-0.3345346637739819,0.009013166054372506
26,20260743,Model 1,Married,-0.031123366264547463,0.0021844054182203554
26,20260743,Model 1,Rural,0.11083572089972321,0.004532743067286989
26,20260743,Model 1,Agricultural hukou,0.1894850355111293,0.007108828796333637
26,20260743,Model 1,"BMI, per 5 kg/m2",0.12487721210701966,0.00042318108950889575
27,20260744,Model 1,Intercept,-5.572727699189899,0.06441496364209061
27,20260744,Model 1,Non-axial/no-axial,0.5824338087330672,0.0031075377439524596
27,20260744,Model 1,Incident isolated,0.5628330576843393,0.009714956093064912
27,20260744,Model 1,Persistent isolated,0.5978958461222992,0.04866114743581691
27,20260744,Model 1,Spread to multisite,0.9331452459236175,0.019400678616659006
27,20260744,Model 1,Incident multisite,0.8039172469303589,0.004651918865887347
27,20260744,Model 1,Persistent multisite,1.2299776408065357,0.0032547472826589255
27,20260744,Model 1,Improvement/contraction,0.8408115186565818,0.004397675409456055
27,20260744,Model 1,Window 2,-0.19850558024343093,0.003947935957996114
27,20260744,Model 1,Window 3,-0.16673970939754754,0.0017668953986762187
27,20260744,Model 1,"Age, per 10 y",0.38619606086791236,0.0006044812429035285
27,20260744,Model 1,Female,0.18685090829106107,0.0015987588449593
27,20260744,Model 1,Primary education,-0.10201692559584856,0.0028977087141148486
27,20260744,Model 1,Middle education,-0.2737659116483141,0.003212516047558919
27,20260744,Model 1,High education+,-0.32116504741322127,0.008996630422918856
27,20260744,Model 1,Married,-0.03260646562884704,0.002192898293984988
27,20260744,Model 1,Rural,0.1156359554071531,0.004521127382004667
27,20260744,Model 1,Agricultural hukou,0.19315471880697455,0.007142104960885888
27,20260744,Model 1,"BMI, per 5 kg/m2",0.13664148294645256,0.00046225692963527374
28,20260745,Model 1,Intercept,-5.458286095565229,0.06455347707862333
28,20260745,Model 1,Non-axial/no-axial,0.576501269920676,0.0031546876588891917
28,20260745,Model 1,Incident isolated,0.5610033027662348,0.00979024581831142
28,20260745,Model 1,Persistent isolated,0.6034113962277128,0.04889273739807085
28,20260745,Model 1,Spread to multisite,0.9193986060479855,0.019544774629399884
28,20260745,Model 1,Incident multisite,0.8023078321999139,0.004659588911056858
28,20260745,Model 1,Persistent multisite,1.229583876370078,0.0032824050731579293
28,20260745,Model 1,Improvement/contraction,0.841589797409503,0.004439008444118737
28,20260745,Model 1,Window 2,-0.19736416715183358,0.003997506313458346
28,20260745,Model 1,Window 3,-0.16099814788590303,0.0018001054902348577
28,20260745,Model 1,"Age, per 10 y",0.38218241236697853,0.0006012835259650857
28,20260745,Model 1,Female,0.19139152898377348,0.0016380251781208694
28,20260745,Model 1,Primary education,-0.10639034134384197,0.002949086551765563
28,20260745,Model 1,Middle education,-0.273294196677705,0.0031475358976529675
28,20260745,Model 1,High education+,-0.33200752156585517,0.008971644230484282
28,20260745,Model 1,Married,-0.03115424781525424,0.0021850464345835835
28,20260745,Model 1,Rural,0.11210842553193069,0.004562058729883611
28,20260745,Model 1,Agricultural hukou,0.18878864705567241,0.0071477392038530405
28,20260745,Model 1,"BMI, per 5 kg/m2",0.11850818934990001,0.0003771850529366276
29,20260746,Model 1,Intercept,-5.55780516741485,0.06296005517277574
29,20260746,Model 1,Non-axial/no-axial,0.5795878090388592,0.003133729412626211
29,20260746,Model 1,Incident isolated,0.5637426285589116,0.009697382227668942
29,20260746,Model 1,Persistent isolated,0.5970683396297186,0.04805448393424736
29,20260746,Model 1,Spread to multisite,0.9272383169926369,0.019356755175179593
29,20260746,Model 1,Incident multisite,0.8024185866115382,0.0046380682534288556
29,20260746,Model 1,Persistent multisite,1.2268948367953738,0.003260576054809756
29,20260746,Model 1,Improvement/contraction,0.837327817257976,0.004340747668931263
29,20260746,Model 1,Window 2,-0.19692120671723415,0.003983920529660729
29,20260746,Model 1,Window 3,-0.16346842118390445,0.0017852406551936444
29,20260746,Model 1,"Age, per 10 y",0.3845015982527182,0.0006005434638197245
29,20260746,Model 1,Female,0.18992847199637491,0.0016114383256254404
29,20260746,Model 1,Primary education,-0.10890818729535491,0.002923051372437125
29,20260746,Model 1,Middle education,-0.2728555610010321,0.003178840017375842
29,20260746,Model 1,High education+,-0.33035040689304784,0.008968826059185815
29,20260746,Model 1,Married,-0.032445520287002615,0.0022027741557082013
29,20260746,Model 1,Rural,0.11535648185290528,0.004519793347781032
29,20260746,Model 1,Agricultural hukou,0.19597747562089698,0.007169969308494612
29,20260746,Model 1,"BMI, per 5 kg/m2",0.1354823886348087,0.00041070300732481225
30,20260747,Model 1,Intercept,-5.576327954575851,0.06307264918656405
30,20260747,Model 1,Non-axial/no-axial,0.5786228106263548,0.003161400847205591
30,20260747,Model 1,Incident isolated,0.5616082835065431,0.009786158677843744
30,20260747,Model 1,Persistent isolated,0.6031162234196753,0.04824959404270638
30,20260747,Model 1,Spread to multisite,0.930824062111428,0.01945218852316984
30,20260747,Model 1,Incident multisite,0.8028288254750823,0.004673873591629459
30,20260747,Model 1,Persistent multisite,1.2286984858837458,0.003240415029056113
30,20260747,Model 1,Improvement/contraction,0.8382683202544147,0.004388166779709472
30,20260747,Model 1,Window 2,-0.19653893012002632,0.003999304114121698
30,20260747,Model 1,Window 3,-0.16278135377867026,0.001780920693663005
30,20260747,Model 1,"Age, per 10 y",0.38522682725911483,0.0006032434360545246
30,20260747,Model 1,Female,0.19142612707456316,0.0016210944173576805
30,20260747,Model 1,Primary education,-0.10515458946624656,0.0029454660601539234
30,20260747,Model 1,Middle education,-0.26843006345538,0.003160381525853145
30,20260747,Model 1,High education+,-0.33412181940697977,0.008994557972928864
30,20260747,Model 1,Married,-0.03012044833708175,0.0021744052181715593
30,20260747,Model 1,Rural,0.11451447219045031,0.004564062871916367
30,20260747,Model 1,Agricultural hukou,0.19557821946863188,0.007171012031953022
30,20260747,Model 1,"BMI, per 5 kg/m2",0.13764442951877162,0.00040098321744254367
1,20260718,Model 2,Intercept,-5.249265318356981,0.08424971439805509
1,20260718,Model 2,Non-axial/no-axial,0.2761873573486915,0.0032477047854165813
1,20260718,Model 2,Incident isolated,0.32948919047341296,0.008755037937685225
1,20260718,Model 2,Persistent isolated,0.2918737280321562,0.0423675201753945
1,20260718,Model 2,Spread to multisite,0.38192581418506644,0.018884381317291466
1,20260718,Model 2,Incident multisite,0.30474192173868897,0.004630576438587222
1,20260718,Model 2,Persistent multisite,0.49418665114156884,0.004229434192126322
1,20260718,Model 2,Improvement/contraction,0.4788723005507697,0.004379948649497747
1,20260718,Model 2,Window 2,-0.20952286004428256,0.0033542175066822366
1,20260718,Model 2,Window 3,-0.1537971962819997,0.0018123188205026212
1,20260718,Model 2,"Age, per 10 y",0.2624838970674586,0.0006889164026013697
1,20260718,Model 2,Female,0.12868240501979422,0.0029674426124155053
1,20260718,Model 2,Primary education,-0.06331446781725071,0.0024044441420345026
1,20260718,Model 2,Middle education,-0.18734646504595157,0.0027950421687016453
1,20260718,Model 2,High education+,-0.23978395988907275,0.00808977607209839
1,20260718,Model 2,Married,0.001858200362147941,0.0021919382188367504
1,20260718,Model 2,Rural,0.05287177842422443,0.0037662221317829175
1,20260718,Model 2,Agricultural hukou,0.21602607203125176,0.0068270863773556185
1,20260718,Model 2,"BMI, per 5 kg/m2",0.08856583348700389,0.0004499676836324151
1,20260718,Model 2,Chronic count,0.032784793874087205,0.00023159254088036404
1,20260718,Model 2,Arthritis,0.16844345266624558,0.0032383027096446687
1,20260718,Model 2,Stroke,0.2400300109701046,0.01750243356506994
1,20260718,Model 2,"CES-D, per 5",0.09317303026766474,0.00031365052952572894
1,20260718,Model 2,"Sleep, per 2 h",-0.015086978641564996,0.0003844624811392238
1,20260718,Model 2,Former smoker,0.1630260264182777,0.004967004356943378
1,20260718,Model 2,Current smoker,0.0015632499955345618,0.00301501116886198
1,20260718,Model 2,Drinks > monthly,0.05657296423128372,0.0028184512824810724
1,20260718,Model 2,Drinks ≤ monthly,0.20728515630402974,0.016506268885974392
1,20260718,Model 2,Fair/poor health,0.26158876577021667,0.0029881321167844086
1,20260718,Model 2,Mobility count,0.17838028106879725,0.00015802974803985276
1,20260718,Model 2,IADL count,0.059695510189459546,0.0004213257158276601
2,20260719,Model 2,Intercept,-5.336593147825265,0.08519808249649194
2,20260719,Model 2,Non-axial/no-axial,0.2779821633377273,0.0032366166908243286
2,20260719,Model 2,Incident isolated,0.32717158061360835,0.008650412085300497
2,20260719,Model 2,Persistent isolated,0.2993069813270155,0.04139228850346481
2,20260719,Model 2,Spread to multisite,0.3803814195834498,0.018789488676921495
2,20260719,Model 2,Incident multisite,0.3010016939155694,0.004682426021076997
2,20260719,Model 2,Persistent multisite,0.4945202989915201,0.004305909737579301
2,20260719,Model 2,Improvement/contraction,0.47614978566827326,0.0042515642669469274
2,20260719,Model 2,Window 2,-0.2117604126664401,0.003368823441244663
2,20260719,Model 2,Window 3,-0.15095036727338274,0.001790165111978672
2,20260719,Model 2,"Age, per 10 y",0.26466820978546374,0.0006956174877834625
2,20260719,Model 2,Female,0.12346753629776672,0.0028530636472025098
2,20260719,Model 2,Primary education,-0.07026959002796992,0.0024661557123146897
2,20260719,Model 2,Middle education,-0.18894548282021442,0.002814523749328916
2,20260719,Model 2,High education+,-0.2365138416350551,0.008007589416371285
2,20260719,Model 2,Married,0.0029339902795236517,0.0021782270127803
2,20260719,Model 2,Rural,0.05586005768945649,0.0037515949138937446
2,20260719,Model 2,Agricultural hukou,0.22569607179777393,0.006867739446631189
2,20260719,Model 2,"BMI, per 5 kg/m2",0.10583939237630613,0.0004148040419558327
2,20260719,Model 2,Chronic count,0.03305549843437989,0.00022699626414242005
2,20260719,Model 2,Arthritis,0.1619759630065459,0.0032120673530696437
2,20260719,Model 2,Stroke,0.23070824104752755,0.017817625459526348
2,20260719,Model 2,"CES-D, per 5",0.0890007017313244,0.000306936191812745
2,20260719,Model 2,"Sleep, per 2 h",-0.019311488359932828,0.0003830021707469856
2,20260719,Model 2,Former smoker,0.15809430442592357,0.004903781618346429
2,20260719,Model 2,Current smoker,0.007860321823623503,0.0029385178638859388
2,20260719,Model 2,Drinks > monthly,0.05475652455550062,0.0028292973722827894
2,20260719,Model 2,Drinks ≤ monthly,0.20458057113798062,0.016735945471947414
2,20260719,Model 2,Fair/poor health,0.2638205872307014,0.0030212170783855026
2,20260719,Model 2,Mobility count,0.1800962196352093,0.00015627199232890902
2,20260719,Model 2,IADL count,0.06329152053936934,0.0004191536771945551
3,20260720,Model 2,Intercept,-5.394953213193411,0.08463084761359063
3,20260720,Model 2,Non-axial/no-axial,0.2864633718563733,0.0032816426483426343
3,20260720,Model 2,Incident isolated,0.3376795455188325,0.008804468844897103
3,20260720,Model 2,Persistent isolated,0.3194814764838384,0.042539393825853776
3,20260720,Model 2,Spread to multisite,0.3974986724218565,0.018898818859253024
3,20260720,Model 2,Incident multisite,0.3156194730990227,0.004599182871951034
3,20260720,Model 2,Persistent multisite,0.5126417366395646,0.004314430907988179
3,20260720,Model 2,Improvement/contraction,0.48322523257014477,0.004450475342936475
3,20260720,Model 2,Window 2,-0.21150377849959184,0.0033176062658365458
3,20260720,Model 2,Window 3,-0.15628332593025152,0.0018054376687762135
3,20260720,Model 2,"Age, per 10 y",0.2669529596863603,0.0006848169343328845
3,20260720,Model 2,Female,0.12292428297392183,0.002805525092012843
3,20260720,Model 2,Primary education,-0.06879195700750801,0.0024235975572523593
3,20260720,Model 2,Middle education,-0.19589866323064953,0.002805574191452483
3,20260720,Model 2,High education+,-0.23025761042840973,0.00801220085167122
3,20260720,Model 2,Married,0.0015590945966672104,0.0021598217903542123
3,20260720,Model 2,Rural,0.06146696137409116,0.003800234201589628
3,20260720,Model 2,Agricultural hukou,0.22982911536011338,0.006945811816361106
3,20260720,Model 2,"BMI, per 5 kg/m2",0.12049898130390023,0.00048102784199395516
3,20260720,Model 2,Chronic count,0.032515275821598716,0.00023029846857355714
3,20260720,Model 2,Arthritis,0.171875964837754,0.003244506518688759
3,20260720,Model 2,Stroke,0.238647460733025,0.017567680674405308
3,20260720,Model 2,"CES-D, per 5",0.08586999809006143,0.0003063295514028593
3,20260720,Model 2,"Sleep, per 2 h",-0.022258036142834094,0.0003821240703989077
3,20260720,Model 2,Former smoker,0.14811228029930112,0.004977570390717771
3,20260720,Model 2,Current smoker,0.011419916901920533,0.002920500934410476
3,20260720,Model 2,Drinks > monthly,0.0548946228475534,0.002818345784487897
3,20260720,Model 2,Drinks ≤ monthly,0.21145768823250932,0.016446802051829818
3,20260720,Model 2,Fair/poor health,0.24193030198962406,0.0032059376761017356
3,20260720,Model 2,Mobility count,0.17708732162012472,0.0001553985558685835
3,20260720,Model 2,IADL count,0.06404098156026329,0.0004184368880961067
4,20260721,Model 2,Intercept,-5.312828496638441,0.08506794256639422
4,20260721,Model 2,Non-axial/no-axial,0.2819773798156212,0.00319008204022227
4,20260721,Model 2,Incident isolated,0.3306753979089177,0.008747814653626404
4,20260721,Model 2,Persistent isolated,0.30522264731727544,0.04213161389131639
4,20260721,Model 2,Spread to multisite,0.3753467402563729,0.018990074911259678
4,20260721,Model 2,Incident multisite,0.30870579185778974,0.004621222398179583
4,20260721,Model 2,Persistent multisite,0.49877314253339233,0.004238590897338178
4,20260721,Model 2,Improvement/contraction,0.47796069673898534,0.004166452909056573
4,20260721,Model 2,Window 2,-0.20885428211460333,0.003347949588710111
4,20260721,Model 2,Window 3,-0.1538279955560759,0.0017811717133993008
4,20260721,Model 2,"Age, per 10 y",0.2648131687378687,0.0006811271203849747
4,20260721,Model 2,Female,0.12558015416246998,0.0028110607883915758
4,20260721,Model 2,Primary education,-0.06976937770985762,0.0024077973749082413
4,20260721,Model 2,Middle education,-0.1963168840741361,0.002801601073080004
4,20260721,Model 2,High education+,-0.23754032940877384,0.007987297004791734
4,20260721,Model 2,Married,0.001667377700384747,0.002134659749821562
4,20260721,Model 2,Rural,0.05361546887406152,0.003720982355597013
4,20260721,Model 2,Agricultural hukou,0.2279086177529398,0.006824436561441957
4,20260721,Model 2,"BMI, per 5 kg/m2",0.10300251378691176,0.00041804035896095504
4,20260721,Model 2,Chronic count,0.03385591990238973,0.00022592236879397248
4,20260721,Model 2,Arthritis,0.16733351758231674,0.0032326860695447114
4,20260721,Model 2,Stroke,0.23539369571533092,0.01737864393295515
4,20260721,Model 2,"CES-D, per 5",0.08805636890721369,0.0002978831787183766
4,20260721,Model 2,"Sleep, per 2 h",-0.022279503736476296,0.0003832899567480028
4,20260721,Model 2,Former smoker,0.15473725976421093,0.004842008109066531
4,20260721,Model 2,Current smoker,0.004500381517821854,0.0029500776064179755
4,20260721,Model 2,Drinks > monthly,0.05912926203266796,0.0027648415379281184
4,20260721,Model 2,Drinks ≤ monthly,0.2082038101586903,0.016287987353470056
4,20260721,Model 2,Fair/poor health,0.2637858983061449,0.003030215821186994
4,20260721,Model 2,Mobility count,0.17771800287263065,0.00015869638684008595
4,20260721,Model 2,IADL count,0.06344783033115155,0.00041115112476627116
5,20260722,Model 2,Intercept,-5.331748166773985,0.08491381727676219
5,20260722,Model 2,Non-axial/no-axial,0.2854797883084805,0.0032386283243563403
5,20260722,Model 2,Incident isolated,0.33846194643721,0.008747327873306895
5,20260722,Model 2,Persistent isolated,0.30846826622711265,0.043179160095610854
5,20260722,Model 2,Spread to multisite,0.38501853246892337,0.018867092251077477
5,20260722,Model 2,Incident multisite,0.31391204467425454,0.004632118684603576
5,20260722,Model 2,Persistent multisite,0.5099388689807373,0.004290912996362544
5,20260722,Model 2,Improvement/contraction,0.48121859563714386,0.004312581487276537
5,20260722,Model 2,Window 2,-0.20955472937712494,0.0033620289649017423
5,20260722,Model 2,Window 3,-0.15508695235781633,0.0018044946235671571
5,20260722,Model 2,"Age, per 10 y",0.2637753353572366,0.0006937109239361641
5,20260722,Model 2,Female,0.12351991050335329,0.0028075720378585144
5,20260722,Model 2,Primary education,-0.07010842798523312,0.0024629056183412185
5,20260722,Model 2,Middle education,-0.1933091230055952,0.002803665201068486
5,20260722,Model 2,High education+,-0.23269316420326086,0.008024586708291028
5,20260722,Model 2,Married,0.0026117714857515945,0.002189439671402196
5,20260722,Model 2,Rural,0.05737641199714627,0.003762501685741293
5,20260722,Model 2,Agricultural hukou,0.2270789373646675,0.0069770317786383325
5,20260722,Model 2,"BMI, per 5 kg/m2",0.11006192295891498,0.0004252492758613998
5,20260722,Model 2,Chronic count,0.03238190090994976,0.00023188772470468305
5,20260722,Model 2,Arthritis,0.16946753841582418,0.0032120649004967073
5,20260722,Model 2,Stroke,0.2392567926305201,0.017643678063133786
5,20260722,Model 2,"CES-D, per 5",0.0840309731052537,0.00031275068160179355
5,20260722,Model 2,"Sleep, per 2 h",-0.022503655104334972,0.0003816994147487903
5,20260722,Model 2,Former smoker,0.15449313887877075,0.004940040072877845
5,20260722,Model 2,Current smoker,0.006458217120866763,0.002943315137230667
5,20260722,Model 2,Drinks > monthly,0.057078669653901896,0.002809917711589767
5,20260722,Model 2,Drinks ≤ monthly,0.20261102270818776,0.016673630336932425
5,20260722,Model 2,Fair/poor health,0.2587970820368775,0.0029933660771755354
5,20260722,Model 2,Mobility count,0.17721984466763213,0.00016010458042705765
5,20260722,Model 2,IADL count,0.07006418343398325,0.00042424027952293707
6,20260723,Model 2,Intercept,-5.2845895576918505,0.08838844549956723
6,20260723,Model 2,Non-axial/no-axial,0.27435079322960854,0.0032593880038052064
6,20260723,Model 2,Incident isolated,0.3326199836026425,0.008771631661027788
6,20260723,Model 2,Persistent isolated,0.30169788484492605,0.0419460986360017
6,20260723,Model 2,Spread to multisite,0.37941629169057145,0.018772873306500744
6,20260723,Model 2,Incident multisite,0.3050026835575905,0.004612682370004993
6,20260723,Model 2,Persistent multisite,0.4953218032690229,0.00427379534927027
6,20260723,Model 2,Improvement/contraction,0.47401123449995763,0.004185966089268415
6,20260723,Model 2,Window 2,-0.21083879915509138,0.0033938861864716845
6,20260723,Model 2,Window 3,-0.15291976621319237,0.001812305652560888
6,20260723,Model 2,"Age, per 10 y",0.262883099866156,0.0006973005217068709
6,20260723,Model 2,Female,0.12750057904232373,0.002871527966775778
6,20260723,Model 2,Primary education,-0.0678612088691353,0.0024212981588197973
6,20260723,Model 2,Middle education,-0.1933799722809041,0.002812615571358671
6,20260723,Model 2,High education+,-0.2410562209081939,0.008119817192219998
6,20260723,Model 2,Married,0.001878589789932701,0.002165110854725743
6,20260723,Model 2,Rural,0.059353786655434664,0.0037735514232025698
6,20260723,Model 2,Agricultural hukou,0.22264827780164678,0.006842851449843147
6,20260723,Model 2,"BMI, per 5 kg/m2",0.1014007063887282,0.0004829430559144899
6,20260723,Model 2,Chronic count,0.03485955063395111,0.0002273663153241798
6,20260723,Model 2,Arthritis,0.1697580900391266,0.0032441953597190393
6,20260723,Model 2,Stroke,0.23252328387626284,0.017598200314257396
6,20260723,Model 2,"CES-D, per 5",0.0807389011072368,0.00030765185335715484
6,20260723,Model 2,"Sleep, per 2 h",-0.02549046729805927,0.00039543392356295733
6,20260723,Model 2,Former smoker,0.1591131729606445,0.004869039080657748
6,20260723,Model 2,Current smoker,0.005478904858405075,0.0029882898405914
6,20260723,Model 2,Drinks > monthly,0.056989550760769114,0.002827075386344001
6,20260723,Model 2,Drinks ≤ monthly,0.20691255506143857,0.016642429074068578
6,20260723,Model 2,Fair/poor health,0.2775332443333953,0.003165270831972876
6,20260723,Model 2,Mobility count,0.17744047290681428,0.00015992745730886577
6,20260723,Model 2,IADL count,0.06657228311758329,0.00042662888800993297
7,20260724,Model 2,Intercept,-5.383060291394496,0.08351493834209417
7,20260724,Model 2,Non-axial/no-axial,0.28246359174327185,0.0032305671509231556
7,20260724,Model 2,Incident isolated,0.3312344396177243,0.008775202665173334
7,20260724,Model 2,Persistent isolated,0.29305706655014513,0.041486523528563905
7,20260724,Model 2,Spread to multisite,0.38251999346782234,0.01880584394646228
7,20260724,Model 2,Incident multisite,0.30564556191078457,0.004706477255603738
7,20260724,Model 2,Persistent multisite,0.4981112221360657,0.004237384426383717
7,20260724,Model 2,Improvement/contraction,0.47803254871994816,0.004220578416417672
7,20260724,Model 2,Window 2,-0.2099237143978697,0.0033595858714452567
7,20260724,Model 2,Window 3,-0.15484335438536867,0.0017792065200966597
7,20260724,Model 2,"Age, per 10 y",0.2685444077910483,0.0006908529802968925
7,20260724,Model 2,Female,0.12045999817594782,0.002987442188618903
7,20260724,Model 2,Primary education,-0.06632512181248752,0.002416672650427745
7,20260724,Model 2,Middle education,-0.18819173685511892,0.002835850043408036
7,20260724,Model 2,High education+,-0.23634357209916268,0.008056285661186867
7,20260724,Model 2,Married,-0.0014673365415929774,0.002167806088028484
7,20260724,Model 2,Rural,0.05902697969202131,0.0038155322574933157
7,20260724,Model 2,Agricultural hukou,0.2232406424470589,0.006863085181928632
7,20260724,Model 2,"BMI, per 5 kg/m2",0.11422532893869321,0.00040281900403153645
7,20260724,Model 2,Chronic count,0.03194052399099219,0.00022826952400901122
7,20260724,Model 2,Arthritis,0.17360922777896803,0.0032683888684673103
7,20260724,Model 2,Stroke,0.23451193868053857,0.01765303965538813
7,20260724,Model 2,"CES-D, per 5",0.09274725786444762,0.0003221844392628389
7,20260724,Model 2,"Sleep, per 2 h",-0.020199547429016893,0.0003801193909733102
7,20260724,Model 2,Former smoker,0.1494536378165221,0.0051071635207732375
7,20260724,Model 2,Current smoker,0.002243388989728566,0.003000964130633207
7,20260724,Model 2,Drinks > monthly,0.05737630885465716,0.002821244448404551
7,20260724,Model 2,Drinks ≤ monthly,0.20902754451640293,0.016673862917022313
7,20260724,Model 2,Fair/poor health,0.2468376023430745,0.0032728559150606027
7,20260724,Model 2,Mobility count,0.1770089508197718,0.00015776079439969715
7,20260724,Model 2,IADL count,0.06644101208538068,0.0004136271231398797
8,20260725,Model 2,Intercept,-5.323514670255678,0.08224140926834148
8,20260725,Model 2,Non-axial/no-axial,0.2873732047753104,0.0032730492425664293
8,20260725,Model 2,Incident isolated,0.33001018928375064,0.008736650051944054
8,20260725,Model 2,Persistent isolated,0.3130949913288782,0.042696310709120174
8,20260725,Model 2,Spread to multisite,0.3948902152467828,0.018705264853771195
8,20260725,Model 2,Incident multisite,0.3137307245114687,0.004607890622376216
8,20260725,Model 2,Persistent multisite,0.5120800855049493,0.004233132887954593
8,20260725,Model 2,Improvement/contraction,0.4846930832165173,0.004341015939067268
8,20260725,Model 2,Window 2,-0.20949533492767541,0.0033536206212917605
8,20260725,Model 2,Window 3,-0.15146445263198385,0.0017850722676079082
8,20260725,Model 2,"Age, per 10 y",0.2640519262877782,0.0006852252129236605
8,20260725,Model 2,Female,0.11448307523392409,0.002946903226768462
8,20260725,Model 2,Primary education,-0.06575803280133188,0.0024124288433826236
8,20260725,Model 2,Middle education,-0.19561900986290803,0.002797456164711634
8,20260725,Model 2,High education+,-0.23486503455821287,0.008022089504066911
8,20260725,Model 2,Married,0.0020613904048928777,0.002164995412172657
8,20260725,Model 2,Rural,0.0594574696586635,0.0037871202859173937
8,20260725,Model 2,Agricultural hukou,0.22660797015108355,0.006966219471461744
8,20260725,Model 2,"BMI, per 5 kg/m2",0.1124833718508817,0.00043353467825020807
8,20260725,Model 2,Chronic count,0.032752924800737264,0.0002267471467695188
8,20260725,Model 2,Arthritis,0.1682437701497712,0.003248385486525426
8,20260725,Model 2,Stroke,0.23019752961185294,0.01763751058371068
8,20260725,Model 2,"CES-D, per 5",0.08890560546213996,0.00031106207482319844
8,20260725,Model 2,"Sleep, per 2 h",-0.02275382918197837,0.0003766057902534183
8,20260725,Model 2,Former smoker,0.1483347799575727,0.004993084146498534
8,20260725,Model 2,Current smoker,0.0039941787182247905,0.0029670165439098467
8,20260725,Model 2,Drinks > monthly,0.053003311329100314,0.002813460211716503
8,20260725,Model 2,Drinks ≤ monthly,0.1994330565996488,0.016620015246797046
8,20260725,Model 2,Fair/poor health,0.23425707947395866,0.003206783613387566
8,20260725,Model 2,Mobility count,0.1769522353477779,0.00015702596642854272
8,20260725,Model 2,IADL count,0.06345336971221915,0.0004213867459736145
9,20260726,Model 2,Intercept,-5.305263384871575,0.08590377149205278
9,20260726,Model 2,Non-axial/no-axial,0.2820182064790725,0.0032557171916078056
9,20260726,Model 2,Incident isolated,0.3320826892324821,0.00876362550075233
9,20260726,Model 2,Persistent isolated,0.29512281266508317,0.042620250950497186
9,20260726,Model 2,Spread to multisite,0.37520982709003203,0.019118277277195256
9,20260726,Model 2,Incident multisite,0.3091309147907232,0.004618137674115741
9,20260726,Model 2,Persistent multisite,0.4981666679528861,0.004324079755285466
9,20260726,Model 2,Improvement/contraction,0.47749304552118227,0.00433051176580084
9,20260726,Model 2,Window 2,-0.21035955793544955,0.0033712942166864543
9,20260726,Model 2,Window 3,-0.15667515863265763,0.001779379009318855
9,20260726,Model 2,"Age, per 10 y",0.26459127307467506,0.0006883256652623746
9,20260726,Model 2,Female,0.1263405727191193,0.002879836246948652
9,20260726,Model 2,Primary education,-0.06392297779034048,0.002398768510302014
9,20260726,Model 2,Middle education,-0.19188158362013075,0.002817987926548887
9,20260726,Model 2,High education+,-0.23651645703735094,0.008009703904442006
9,20260726,Model 2,Married,0.0044973254493174825,0.002161600508418505
9,20260726,Model 2,Rural,0.05473488797328324,0.0037764358493597794
9,20260726,Model 2,Agricultural hukou,0.22459887941212908,0.006907423590700949
9,20260726,Model 2,"BMI, per 5 kg/m2",0.10073217959329134,0.00047956826863216815
9,20260726,Model 2,Chronic count,0.03419577974914807,0.00022465694530187963
9,20260726,Model 2,Arthritis,0.16694395834533884,0.0032523897547391952
9,20260726,Model 2,Stroke,0.2303687327292815,0.017678367784113802
9,20260726,Model 2,"CES-D, per 5",0.09449262302975342,0.0003075239055508754
9,20260726,Model 2,"Sleep, per 2 h",-0.018738372597151536,0.0003797824510755916
9,20260726,Model 2,Former smoker,0.1619880676159209,0.004935092323282695
9,20260726,Model 2,Current smoker,0.0025784560930043094,0.003010952481012704
9,20260726,Model 2,Drinks > monthly,0.055084445079256625,0.002839276638118917
9,20260726,Model 2,Drinks ≤ monthly,0.2024551276658617,0.01665027406924379
9,20260726,Model 2,Fair/poor health,0.24707715886863937,0.0033518158271774534
9,20260726,Model 2,Mobility count,0.17522217018922207,0.00015726902074324116
9,20260726,Model 2,IADL count,0.06560266589641099,0.0004145940634505721
10,20260727,Model 2,Intercept,-5.393828222633913,0.08493276675956896
10,20260727,Model 2,Non-axial/no-axial,0.2819255573099703,0.0032250651582368135
10,20260727,Model 2,Incident isolated,0.33348930863867565,0.008731922979962085
10,20260727,Model 2,Persistent isolated,0.32405801792138345,0.042609627521457395
10,20260727,Model 2,Spread to multisite,0.3939098593851453,0.018468804849029054
10,20260727,Model 2,Incident multisite,0.31019028513441704,0.004644386408804201
10,20260727,Model 2,Persistent multisite,0.5070521943932699,0.004271427455882829
10,20260727,Model 2,Improvement/contraction,0.47914179681448843,0.0042187294641576395
10,20260727,Model 2,Window 2,-0.21233905574932554,0.0034024777059563707
10,20260727,Model 2,Window 3,-0.15052227190635406,0.0018285947996483903
10,20260727,Model 2,"Age, per 10 y",0.26870435353341293,0.0006931871467850574
10,20260727,Model 2,Female,0.12492825755607503,0.002850270036284044
10,20260727,Model 2,Primary education,-0.076298323399208,0.002459076529793575
10,20260727,Model 2,Middle education,-0.19299745230194545,0.002798673026090231
10,20260727,Model 2,High education+,-0.23771145315839776,0.008053521243234742
10,20260727,Model 2,Married,0.00344298922455466,0.0021807989739501543
10,20260727,Model 2,Rural,0.059369766102734346,0.0037913265294246064
10,20260727,Model 2,Agricultural hukou,0.22493708151331254,0.006959766946730902
10,20260727,Model 2,"BMI, per 5 kg/m2",0.1117037540806466,0.00039803245692194704
10,20260727,Model 2,Chronic count,0.029604522353322272,0.00023518055149761584
10,20260727,Model 2,Arthritis,0.17013854784266755,0.0032374386391259267
10,20260727,Model 2,Stroke,0.23262595470237946,0.017876232372190968
10,20260727,Model 2,"CES-D, per 5",0.08993129380853905,0.0003175836065269575
10,20260727,Model 2,"Sleep, per 2 h",-0.018173708581377866,0.00038997626407085643
10,20260727,Model 2,Former smoker,0.15858797494311902,0.004968028214952825
10,20260727,Model 2,Current smoker,0.010629610573313679,0.002931903550485451
10,20260727,Model 2,Drinks > monthly,0.05368051974601842,0.0028256652786945737
10,20260727,Model 2,Drinks ≤ monthly,0.20550206649067665,0.016751416450454682
10,20260727,Model 2,Fair/poor health,0.2726997160797901,0.003075077091434105
10,20260727,Model 2,Mobility count,0.175630329402694,0.000155721988507379
10,20260727,Model 2,IADL count,0.06601462502909634,0.00043043335263416273
11,20260728,Model 2,Intercept,-5.305371868370656,0.08046998424755973
11,20260728,Model 2,Non-axial/no-axial,0.2812259767468772,0.0032853945092580924
11,20260728,Model 2,Incident isolated,0.3296532615060627,0.008713218303054344
11,20260728,Model 2,Persistent isolated,0.2820146182144074,0.04241140734208793
11,20260728,Model 2,Spread to multisite,0.3757924105404325,0.018642451594618373
11,20260728,Model 2,Incident multisite,0.3101781940158173,0.004662993850446815
11,20260728,Model 2,Persistent multisite,0.5037993766174554,0.004330608506861645
11,20260728,Model 2,Improvement/contraction,0.4788812280879109,0.004268947838346242
11,20260728,Model 2,Window 2,-0.20854546053076295,0.003372181627718837
11,20260728,Model 2,Window 3,-0.15355535903973697,0.0018065717086132018
11,20260728,Model 2,"Age, per 10 y",0.2616533048507227,0.0006788991367505011
11,20260728,Model 2,Female,0.1178588599183483,0.0029365059855139927
11,20260728,Model 2,Primary education,-0.0674218950723477,0.0024186526866761364
11,20260728,Model 2,Middle education,-0.1922329912336807,0.002788345819335266
11,20260728,Model 2,High education+,-0.24441000232848828,0.008042960387168648
11,20260728,Model 2,Married,0.0007123956439547204,0.002184863786901431
11,20260728,Model 2,Rural,0.05741257363999587,0.003779610338163489
11,20260728,Model 2,Agricultural hukou,0.2238194395436894,0.006914326383102688
11,20260728,Model 2,"BMI, per 5 kg/m2",0.10894323596111496,0.00037484401017144766
11,20260728,Model 2,Chronic count,0.030882260605425454,0.00023064414736961823
11,20260728,Model 2,Arthritis,0.17043398417642494,0.0032255460271236836
11,20260728,Model 2,Stroke,0.23875724184452723,0.017730143576083796
11,20260728,Model 2,"CES-D, per 5",0.08653307043931682,0.0002963794869218331
11,20260728,Model 2,"Sleep, per 2 h",-0.02359438383085753,0.00038505689824697354
11,20260728,Model 2,Former smoker,0.15319305443977826,0.005024404890194858
11,20260728,Model 2,Current smoker,0.00048607807064862256,0.002988146393482033
11,20260728,Model 2,Drinks > monthly,0.05746636353069487,0.00280683340808151
11,20260728,Model 2,Drinks ≤ monthly,0.2063775505066042,0.01670165955756485
11,20260728,Model 2,Fair/poor health,0.26507423635320576,0.003023526268441107
11,20260728,Model 2,Mobility count,0.1780917485284968,0.00015601278676831748
11,20260728,Model 2,IADL count,0.0633344678260161,0.00042125434160632204
12,20260729,Model 2,Intercept,-5.29520953403478,0.08381454521661905
12,20260729,Model 2,Non-axial/no-axial,0.2780143293521877,0.0032764925997608406
12,20260729,Model 2,Incident isolated,0.3230388539276819,0.00871424579685205
12,20260729,Model 2,Persistent isolated,0.2935990128383671,0.04278273401622341
12,20260729,Model 2,Spread to multisite,0.37343069647020916,0.01890313751379713
12,20260729,Model 2,Incident multisite,0.303911855712264,0.004641042688420464
12,20260729,Model 2,Persistent multisite,0.5012275203626542,0.004340614727005669
12,20260729,Model 2,Improvement/contraction,0.4754555134997816,0.004323266531258445
12,20260729,Model 2,Window 2,-0.20644778795321167,0.0033838369694511447
12,20260729,Model 2,Window 3,-0.1516791362845176,0.0018325040084156106
12,20260729,Model 2,"Age, per 10 y",0.2634865431276257,0.0006804804548129948
12,20260729,Model 2,Female,0.12053283335000689,0.0028947592539053297
12,20260729,Model 2,Primary education,-0.06906646253758822,0.0024206296326672967
12,20260729,Model 2,Middle education,-0.19276045902274644,0.002785732257852877
12,20260729,Model 2,High education+,-0.2413544884437731,0.008070861126798903
12,20260729,Model 2,Married,-0.0002686558664332231,0.002168791575146306
12,20260729,Model 2,Rural,0.05511582540995017,0.0037503547379638233
12,20260729,Model 2,Agricultural hukou,0.2226395388293907,0.006848816226534612
12,20260729,Model 2,"BMI, per 5 kg/m2",0.104211193828011,0.0004316877304159016
12,20260729,Model 2,Chronic count,0.03041479423011719,0.0002321167502695876
12,20260729,Model 2,Arthritis,0.17065715725168737,0.0032362767419167695
12,20260729,Model 2,Stroke,0.2328063602040629,0.017682330305866353
12,20260729,Model 2,"CES-D, per 5",0.08707779390786718,0.00030635438607154447
12,20260729,Model 2,"Sleep, per 2 h",-0.023892077382369682,0.00038623128924955607
12,20260729,Model 2,Former smoker,0.1585846540225745,0.004950393017239029
12,20260729,Model 2,Current smoker,0.004425258073274819,0.0029347326906995516
12,20260729,Model 2,Drinks > monthly,0.05482576783413728,0.002830122669940857
12,20260729,Model 2,Drinks ≤ monthly,0.20558195625815853,0.01667595161315747
12,20260729,Model 2,Fair/poor health,0.26804271930290047,0.003044416251015064
12,20260729,Model 2,Mobility count,0.17824351968815372,0.00015257415300777883
12,20260729,Model 2,IADL count,0.06627334623050225,0.00041213018728230547
13,20260730,Model 2,Intercept,-5.3327437951647205,0.0810931388312869
13,20260730,Model 2,Non-axial/no-axial,0.2792505043624513,0.0031882722040032013
13,20260730,Model 2,Incident isolated,0.32869391265290054,0.008725501492089624
13,20260730,Model 2,Persistent isolated,0.2721022849012832,0.04144135616266126
13,20260730,Model 2,Spread to multisite,0.3793667575081013,0.018752707251667083
13,20260730,Model 2,Incident multisite,0.3043508804375828,0.0045851693784037095
13,20260730,Model 2,Persistent multisite,0.5003734999087354,0.004157362922825602
13,20260730,Model 2,Improvement/contraction,0.47709690819134015,0.0042924813563941
13,20260730,Model 2,Window 2,-0.21242285386902135,0.003340987970385417
13,20260730,Model 2,Window 3,-0.15556915431070584,0.0017899540367466635
13,20260730,Model 2,"Age, per 10 y",0.2642351597002245,0.0006789718138159727
13,20260730,Model 2,Female,0.12617945670813902,0.0028927107373735218
13,20260730,Model 2,Primary education,-0.06541283593916428,0.0024336548315393894
13,20260730,Model 2,Middle education,-0.18745433477537463,0.0028129690660477344
13,20260730,Model 2,High education+,-0.23616032997230635,0.00800314501359084
13,20260730,Model 2,Married,0.0013031222679583674,0.0021831874303464365
13,20260730,Model 2,Rural,0.05528875011827484,0.0037925854238497164
13,20260730,Model 2,Agricultural hukou,0.22355331076563276,0.006855057634550021
13,20260730,Model 2,"BMI, per 5 kg/m2",0.10539080942364237,0.00038111810554358993
13,20260730,Model 2,Chronic count,0.032751981404615056,0.00022554507232023092
13,20260730,Model 2,Arthritis,0.16908621842047067,0.003209517144688945
13,20260730,Model 2,Stroke,0.23449640123014087,0.01775747809241644
13,20260730,Model 2,"CES-D, per 5",0.09210094599476279,0.0002957977903797334
13,20260730,Model 2,"Sleep, per 2 h",-0.01987330437551193,0.0003854325544678484
13,20260730,Model 2,Former smoker,0.1543574763640178,0.004961957175098105
13,20260730,Model 2,Current smoker,0.00787800431612071,0.0029405947792496574
13,20260730,Model 2,Drinks > monthly,0.05843265580199549,0.0028042688149899167
13,20260730,Model 2,Drinks ≤ monthly,0.2099879386297834,0.016741537662515925
13,20260730,Model 2,Fair/poor health,0.2659058320424394,0.0030186674818595068
13,20260730,Model 2,Mobility count,0.17743549258872593,0.00015577842171708503
13,20260730,Model 2,IADL count,0.06506320023853758,0.0004156842610329978
14,20260731,Model 2,Intercept,-5.276049339104371,0.08451080187172161
14,20260731,Model 2,Non-axial/no-axial,0.28397459788853846,0.0032215492713840903
14,20260731,Model 2,Incident isolated,0.33319863363713925,0.00880915963043134
14,20260731,Model 2,Persistent isolated,0.27686708181138603,0.04158121805579991
14,20260731,Model 2,Spread to multisite,0.3804822146953094,0.01914718187545765
14,20260731,Model 2,Incident multisite,0.3140363601662131,0.004588555719190213
14,20260731,Model 2,Persistent multisite,0.5017573184331521,0.00425289696144959
14,20260731,Model 2,Improvement/contraction,0.47815830986311314,0.004345151047401724
14,20260731,Model 2,Window 2,-0.2119637381930177,0.0033347779138201126
14,20260731,Model 2,Window 3,-0.15732486568876128,0.0017854579916602492
14,20260731,Model 2,"Age, per 10 y",0.26460138181772214,0.0006853576081477783
14,20260731,Model 2,Female,0.12396346271849068,0.002887379203236296
14,20260731,Model 2,Primary education,-0.06731902878909463,0.0024337096214784334
14,20260731,Model 2,Middle education,-0.18748404483540973,0.0027963465253422063
14,20260731,Model 2,High education+,-0.23261899133618744,0.008040812512895885
14,20260731,Model 2,Married,0.00258958394342919,0.0022100758294755682
14,20260731,Model 2,Rural,0.056258573221759964,0.0037862430950216606
14,20260731,Model 2,Agricultural hukou,0.22426415856412726,0.006918069450966237
14,20260731,Model 2,"BMI, per 5 kg/m2",0.09919993397236514,0.0004450111775898982
14,20260731,Model 2,Chronic count,0.03430413126664859,0.00022682804706189105
14,20260731,Model 2,Arthritis,0.16585787148271205,0.0032230831084360087
14,20260731,Model 2,Stroke,0.23194557483071931,0.017700635686703103
14,20260731,Model 2,"CES-D, per 5",0.09105411916570728,0.0003176912495972445
14,20260731,Model 2,"Sleep, per 2 h",-0.02053124209141222,0.0003741435748216966
14,20260731,Model 2,Former smoker,0.15769413792980713,0.004992330208914335
14,20260731,Model 2,Current smoker,0.0040059015497138604,0.002936932642892623
14,20260731,Model 2,Drinks > monthly,0.05487893426014551,0.002806042282080736
14,20260731,Model 2,Drinks ≤ monthly,0.20189051740148312,0.01671655738890725
14,20260731,Model 2,Fair/poor health,0.23439219417249774,0.003282998376893573
14,20260731,Model 2,Mobility count,0.17622513504586196,0.00015818869717380528
14,20260731,Model 2,IADL count,0.06584226056729858,0.00040971854710609876
15,20260732,Model 2,Intercept,-5.280739472731286,0.08861558599040992
15,20260732,Model 2,Non-axial/no-axial,0.2808490622345375,0.003229031898709322
15,20260732,Model 2,Incident isolated,0.3340836787699619,0.008831147682855886
15,20260732,Model 2,Persistent isolated,0.29608655619782576,0.04244656234700668
15,20260732,Model 2,Spread to multisite,0.3869406453555429,0.01880343789904451
15,20260732,Model 2,Incident multisite,0.3118635282830598,0.004608129010129352
15,20260732,Model 2,Persistent multisite,0.5054318054304129,0.00428220388821928
15,20260732,Model 2,Improvement/contraction,0.4800369759642306,0.0043072902697570276
15,20260732,Model 2,Window 2,-0.20961114310293788,0.003388095176511387
15,20260732,Model 2,Window 3,-0.15326798659265642,0.0018236440021248293
15,20260732,Model 2,"Age, per 10 y",0.26379132227746666,0.0006988028001884671
15,20260732,Model 2,Female,0.12976095488354095,0.0028580451611841156
15,20260732,Model 2,Primary education,-0.06814286063092263,0.002430555868434653
15,20260732,Model 2,Middle education,-0.18848067165456026,0.0028047624573089595
15,20260732,Model 2,High education+,-0.23316075054524474,0.00808420745051518
15,20260732,Model 2,Married,-0.0031520086209584413,0.0021665529724300163
15,20260732,Model 2,Rural,0.05795271014635262,0.003796373820111828
15,20260732,Model 2,Agricultural hukou,0.224157929067,0.006961366452691895
15,20260732,Model 2,"BMI, per 5 kg/m2",0.09587616521327852,0.00047819585316980726
15,20260732,Model 2,Chronic count,0.03406457273331864,0.00022977950735608157
15,20260732,Model 2,Arthritis,0.1708132503871224,0.0032449086487315146
15,20260732,Model 2,Stroke,0.2348796107306426,0.017789954303535683
15,20260732,Model 2,"CES-D, per 5",0.08412622658286223,0.0003163221572167744
15,20260732,Model 2,"Sleep, per 2 h",-0.018648947202597417,0.00038110120384792667
15,20260732,Model 2,Former smoker,0.15457119869983785,0.004907286380995798
15,20260732,Model 2,Current smoker,0.0077434849537154704,0.002963975059055503
15,20260732,Model 2,Drinks > monthly,0.05564218093974929,0.002806927000607982
15,20260732,Model 2,Drinks ≤ monthly,0.19994540566038904,0.016744274173003386
15,20260732,Model 2,Fair/poor health,0.26997778811614004,0.0030260200196294894
15,20260732,Model 2,Mobility count,0.17594566684538737,0.00015854388681715045
15,20260732,Model 2,IADL count,0.06759970185140138,0.0004280289710979062
16,20260733,Model 2,Intercept,-5.328717688428315,0.08577136271645334
16,20260733,Model 2,Non-axial/no-axial,0.2793808897247889,0.0031821183460151977
16,20260733,Model 2,Incident isolated,0.3279535726501723,0.008761616848067163
16,20260733,Model 2,Persistent isolated,0.30201033498191865,0.042428783530879616
16,20260733,Model 2,Spread to multisite,0.3727514529251475,0.018908225783679084
16,20260733,Model 2,Incident multisite,0.30457721110899416,0.0046479986469345844
16,20260733,Model 2,Persistent multisite,0.4970994008199557,0.00428503043071964
16,20260733,Model 2,Improvement/contraction,0.4753602200326421,0.004215868077851168
16,20260733,Model 2,Window 2,-0.2093508710294115,0.0033947607095257256
16,20260733,Model 2,Window 3,-0.15314825203895713,0.0018058620773079939
16,20260733,Model 2,"Age, per 10 y",0.26610095384130067,0.0007023268750726708
16,20260733,Model 2,Female,0.12518064264736337,0.0029221536039668377
16,20260733,Model 2,Primary education,-0.073029537120393,0.002458070321140646
16,20260733,Model 2,Middle education,-0.18886568057880435,0.0027995841005011585
16,20260733,Model 2,High education+,-0.2393846960713303,0.008032885987711257
16,20260733,Model 2,Married,0.0017458511883844585,0.002165815313384451
16,20260733,Model 2,Rural,0.05699198753015035,0.003750182891421609
16,20260733,Model 2,Agricultural hukou,0.22226497843083606,0.006909016984732618
16,20260733,Model 2,"BMI, per 5 kg/m2",0.10118225512389567,0.0004083817695471366
16,20260733,Model 2,Chronic count,0.030833897479518913,0.000234822027263054
16,20260733,Model 2,Arthritis,0.16942900920156073,0.0032133304688364227
16,20260733,Model 2,Stroke,0.23167914054056152,0.01775033154021194
16,20260733,Model 2,"CES-D, per 5",0.09138289115530741,0.0003102792938050884
16,20260733,Model 2,"Sleep, per 2 h",-0.01993971883017602,0.0003813385359372585
16,20260733,Model 2,Former smoker,0.1645006124273596,0.004931415822106163
16,20260733,Model 2,Current smoker,0.004984721671547884,0.00296213980129699
16,20260733,Model 2,Drinks > monthly,0.05646134799305148,0.0028115955522541028
16,20260733,Model 2,Drinks ≤ monthly,0.20376561482350855,0.016736634472772415
16,20260733,Model 2,Fair/poor health,0.2803743453229315,0.003128208133123478
16,20260733,Model 2,Mobility count,0.17686297388433078,0.00015907586211867178
16,20260733,Model 2,IADL count,0.06429571751544846,0.0004199976007270226
17,20260734,Model 2,Intercept,-5.322368069317668,0.08439106352421774
17,20260734,Model 2,Non-axial/no-axial,0.2831851332608549,0.0032101590450142456
17,20260734,Model 2,Incident isolated,0.3268740004885183,0.008683085059008335
17,20260734,Model 2,Persistent isolated,0.289673512403807,0.04242829848062362
17,20260734,Model 2,Spread to multisite,0.38341253588855245,0.0188913106044769
17,20260734,Model 2,Incident multisite,0.3068430577554514,0.0046913370914686905
17,20260734,Model 2,Persistent multisite,0.49900856667689075,0.004295076040563668
17,20260734,Model 2,Improvement/contraction,0.47817054878408344,0.004118103279096004
17,20260734,Model 2,Window 2,-0.21272751020818692,0.0033782061967435432
17,20260734,Model 2,Window 3,-0.15477362896882194,0.001784067329332222
17,20260734,Model 2,"Age, per 10 y",0.26569847688866405,0.0006933027769571458
17,20260734,Model 2,Female,0.12025603923619872,0.0028437975553067658
17,20260734,Model 2,Primary education,-0.06622571388840874,0.0024116972515648262
17,20260734,Model 2,Middle education,-0.19211442398317655,0.002819175080266429
17,20260734,Model 2,High education+,-0.22163035338211953,0.008042477826674483
17,20260734,Model 2,Married,0.002804793115404932,0.0021879143609157535
17,20260734,Model 2,Rural,0.05751863095062722,0.00376183475378685
17,20260734,Model 2,Agricultural hukou,0.22519514385555073,0.006952621057760083
17,20260734,Model 2,"BMI, per 5 kg/m2",0.10057315902907943,0.0003886905074409395
17,20260734,Model 2,Chronic count,0.03335161661968698,0.00023062658906458622
17,20260734,Model 2,Arthritis,0.16758457633511165,0.003230099270798992
17,20260734,Model 2,Stroke,0.23296990829421682,0.017684432544326927
17,20260734,Model 2,"CES-D, per 5",0.09258889565078728,0.00030780798541758423
17,20260734,Model 2,"Sleep, per 2 h",-0.01898534395599763,0.00038404394909224217
17,20260734,Model 2,Former smoker,0.14700341040867157,0.0049308904402036
17,20260734,Model 2,Current smoker,0.0014169473117124813,0.002990090402405655
17,20260734,Model 2,Drinks > monthly,0.05317480527088753,0.002821964098336139
17,20260734,Model 2,Drinks ≤ monthly,0.20502009511098176,0.01654099552159865
17,20260734,Model 2,Fair/poor health,0.2736053725674726,0.0030724037495292503
17,20260734,Model 2,Mobility count,0.1748896164438383,0.0001553513695699872
17,20260734,Model 2,IADL count,0.06472044863809773,0.0004129353328555929
18,20260735,Model 2,Intercept,-5.29487247097042,0.08538101253043005
18,20260735,Model 2,Non-axial/no-axial,0.2819124798474706,0.0032244906104669417
18,20260735,Model 2,Incident isolated,0.33509919860588044,0.00878464247291006
18,20260735,Model 2,Persistent isolated,0.30460178592045195,0.041199716984141536
18,20260735,Model 2,Spread to multisite,0.38084707121165035,0.018846741169838664
18,20260735,Model 2,Incident multisite,0.30927245210652,0.0046260559974017025
18,20260735,Model 2,Persistent multisite,0.505594539088915,0.004307900668018141
18,20260735,Model 2,Improvement/contraction,0.4773679043847679,0.0043100372180206814
18,20260735,Model 2,Window 2,-0.20826958606352053,0.0033530621555418988
18,20260735,Model 2,Window 3,-0.1552752871946801,0.0018022370065144805
18,20260735,Model 2,"Age, per 10 y",0.26312186760222944,0.0006868602342580187
18,20260735,Model 2,Female,0.12155681604882361,0.002869350279341904
18,20260735,Model 2,Primary education,-0.06563486236478758,0.0024074044000281475
18,20260735,Model 2,Middle education,-0.19612254229473786,0.002790400456070647
18,20260735,Model 2,High education+,-0.2394855418595239,0.008028688968613374
18,20260735,Model 2,Married,0.0006223233489207297,0.0021697528504645673
18,20260735,Model 2,Rural,0.056387857988638226,0.0037870111951963828
18,20260735,Model 2,Agricultural hukou,0.2213995639400074,0.006909215531334115
18,20260735,Model 2,"BMI, per 5 kg/m2",0.10134865368908072,0.00045146709512894757
18,20260735,Model 2,Chronic count,0.033489247103619876,0.00023093999467870178
18,20260735,Model 2,Arthritis,0.16371356301724174,0.003240899907552618
18,20260735,Model 2,Stroke,0.23423357816965695,0.017654856838418435
18,20260735,Model 2,"CES-D, per 5",0.08536410387099802,0.0003142856181702002
18,20260735,Model 2,"Sleep, per 2 h",-0.01885016800541872,0.0003798660406508421
18,20260735,Model 2,Former smoker,0.1519448291676441,0.004989701035197798
18,20260735,Model 2,Current smoker,0.0009193113548136355,0.0029327109026846135
18,20260735,Model 2,Drinks > monthly,0.058483828239735226,0.0027899360355735743
18,20260735,Model 2,Drinks ≤ monthly,0.20498805096383135,0.016673826781468493
18,20260735,Model 2,Fair/poor health,0.26787090633075883,0.003098698283865231
18,20260735,Model 2,Mobility count,0.17845031801516079,0.0001550143763538113
18,20260735,Model 2,IADL count,0.06505008874150212,0.00042304257131487377
19,20260736,Model 2,Intercept,-5.349912804300149,0.0852174920440833
19,20260736,Model 2,Non-axial/no-axial,0.27883491878198674,0.0032471150984598267
19,20260736,Model 2,Incident isolated,0.3269722337161988,0.00882912317759171
19,20260736,Model 2,Persistent isolated,0.31684899311243947,0.04170183136316259
19,20260736,Model 2,Spread to multisite,0.381045291736481,0.018649131120728142
19,20260736,Model 2,Incident multisite,0.305227954493937,0.004651959959996427
19,20260736,Model 2,Persistent multisite,0.49546482354815435,0.004220619149295369
19,20260736,Model 2,Improvement/contraction,0.47554456396107514,0.004286153553947863
19,20260736,Model 2,Window 2,-0.20976638531639794,0.0033796494615088925
19,20260736,Model 2,Window 3,-0.15262254974906111,0.0017906792547788882
19,20260736,Model 2,"Age, per 10 y",0.2661137232091427,0.0006813124809123898
19,20260736,Model 2,Female,0.13230716106846396,0.0028933298129404264
19,20260736,Model 2,Primary education,-0.06774749329326996,0.0024302617641001026
19,20260736,Model 2,Middle education,-0.1891431040361952,0.0027683178006000283
19,20260736,Model 2,High education+,-0.23732286684009707,0.007939713969028275
19,20260736,Model 2,Married,0.003492634239873211,0.0021787378879698626
19,20260736,Model 2,Rural,0.05563393631989232,0.003790190872034905
19,20260736,Model 2,Agricultural hukou,0.22492247321332617,0.0069181407751319045
19,20260736,Model 2,"BMI, per 5 kg/m2",0.10513721759566756,0.00044482394882409227
19,20260736,Model 2,Chronic count,0.0335508206239717,0.000226313731108373
19,20260736,Model 2,Arthritis,0.16941990522278813,0.003242790169012814
19,20260736,Model 2,Stroke,0.23454384669062853,0.017802806409224797
19,20260736,Model 2,"CES-D, per 5",0.09398584597635887,0.0003237667136217684
19,20260736,Model 2,"Sleep, per 2 h",-0.01865938704930548,0.00037711860930464826
19,20260736,Model 2,Former smoker,0.16362482089945,0.004952568044027776
19,20260736,Model 2,Current smoker,0.01004654284890213,0.003001491092650413
19,20260736,Model 2,Drinks > monthly,0.05866247378558358,0.002801922491819547
19,20260736,Model 2,Drinks ≤ monthly,0.2038523133263656,0.01678100486518662
19,20260736,Model 2,Fair/poor health,0.25547513592950777,0.0033321917382933123
19,20260736,Model 2,Mobility count,0.175608257094929,0.00016017373118760387
19,20260736,Model 2,IADL count,0.06661542667167587,0.00041980135775085295
20,20260737,Model 2,Intercept,-5.277177708340538,0.08577277202578142
20,20260737,Model 2,Non-axial/no-axial,0.2807704966646874,0.003236979295935151
20,20260737,Model 2,Incident isolated,0.3332875415655405,0.008847316634645833
20,20260737,Model 2,Persistent isolated,0.2884358643931787,0.042729591828586606
20,20260737,Model 2,Spread to multisite,0.38584143773816393,0.018744831984589143
20,20260737,Model 2,Incident multisite,0.3088859713501166,0.004595619030614143
20,20260737,Model 2,Persistent multisite,0.5003238083221953,0.004341285645857302
20,20260737,Model 2,Improvement/contraction,0.4793103274311738,0.004536949390743397
20,20260737,Model 2,Window 2,-0.21376266900835872,0.0033271718325417953
20,20260737,Model 2,Window 3,-0.15649913493192846,0.0018096077550276127
20,20260737,Model 2,"Age, per 10 y",0.26348977403601603,0.0006938368037981041
20,20260737,Model 2,Female,0.125354582532318,0.0029023505079088414
20,20260737,Model 2,Primary education,-0.06862442674086354,0.0024203095797599885
20,20260737,Model 2,Middle education,-0.1920649486201247,0.0028287467666529187
20,20260737,Model 2,High education+,-0.24998500310508762,0.00788076895465073
20,20260737,Model 2,Married,0.0017419851439039293,0.00217803539458043
20,20260737,Model 2,Rural,0.055528339091562275,0.003808378942154309
20,20260737,Model 2,Agricultural hukou,0.22014021496015174,0.00687411801455223
20,20260737,Model 2,"BMI, per 5 kg/m2",0.09779005611329734,0.0004859739707807722
20,20260737,Model 2,Chronic count,0.03650775781384205,0.0002241626361423663
20,20260737,Model 2,Arthritis,0.1708341225290902,0.003249971651147698
20,20260737,Model 2,Stroke,0.22687684779205877,0.017423461159193774
20,20260737,Model 2,"CES-D, per 5",0.08605571379177378,0.00031885223846074497
20,20260737,Model 2,"Sleep, per 2 h",-0.01646870390843839,0.00038811651035200624
20,20260737,Model 2,Former smoker,0.1578707606688608,0.004941195205047703
20,20260737,Model 2,Current smoker,0.0021060581278431185,0.0030052500019615287
20,20260737,Model 2,Drinks > monthly,0.05567054001743337,0.0028307454986490834
20,20260737,Model 2,Drinks ≤ monthly,0.21054522638172887,0.016486988046051615
20,20260737,Model 2,Fair/poor health,0.2454022409193706,0.0032219571049810635
20,20260737,Model 2,Mobility count,0.1774202154342817,0.00015976706147872622
20,20260737,Model 2,IADL count,0.06382533957567049,0.0004204880218103424
21,20260738,Model 2,Intercept,-5.331559223395688,0.08521773847199458
21,20260738,Model 2,Non-axial/no-axial,0.2816841727838197,0.0031671697783914477
21,20260738,Model 2,Incident isolated,0.32959753335841985,0.008802298984712409
21,20260738,Model 2,Persistent isolated,0.28590993666392434,0.042719571072171475
21,20260738,Model 2,Spread to multisite,0.3792484542498947,0.01886020192509318
21,20260738,Model 2,Incident multisite,0.311777910917972,0.004601403372613173
21,20260738,Model 2,Persistent multisite,0.4989421601941406,0.004244938762239507
21,20260738,Model 2,Improvement/contraction,0.4778925095624919,0.004227359449164832
21,20260738,Model 2,Window 2,-0.20964731136240516,0.00334817001162588
21,20260738,Model 2,Window 3,-0.15639629164414456,0.001809593281877059
21,20260738,Model 2,"Age, per 10 y",0.26495155180735885,0.000684279968759568
21,20260738,Model 2,Female,0.12751664791831227,0.0028797342058034174
21,20260738,Model 2,Primary education,-0.06307086631717104,0.002397582188275178
21,20260738,Model 2,Middle education,-0.18582333709845966,0.002813735774750584
21,20260738,Model 2,High education+,-0.23444671280023127,0.008112831545492305
21,20260738,Model 2,Married,0.0003065226025500484,0.002182733920348613
21,20260738,Model 2,Rural,0.05565226525878143,0.0037624780769007667
21,20260738,Model 2,Agricultural hukou,0.22399799506266763,0.006852623599133201
21,20260738,Model 2,"BMI, per 5 kg/m2",0.10120601020631263,0.0004487316756721666
21,20260738,Model 2,Chronic count,0.03352598910104737,0.0002289590220505489
21,20260738,Model 2,Arthritis,0.166301716832254,0.003183933708553283
21,20260738,Model 2,Stroke,0.23388883118893752,0.017503271505323187
21,20260738,Model 2,"CES-D, per 5",0.0926842648049618,0.00030524087656286263
21,20260738,Model 2,"Sleep, per 2 h",-0.016657232812750125,0.00037981126214041167
21,20260738,Model 2,Former smoker,0.15423874623779504,0.004895606156277475
21,20260738,Model 2,Current smoker,0.005220465934245515,0.002972760584702385
21,20260738,Model 2,Drinks > monthly,0.057903492137794076,0.0027826376140023504
21,20260738,Model 2,Drinks ≤ monthly,0.20675784716051215,0.016566224638900243
21,20260738,Model 2,Fair/poor health,0.2735242450731455,0.0031081261796951686
21,20260738,Model 2,Mobility count,0.1747834716248044,0.00015741576902238077
21,20260738,Model 2,IADL count,0.06554892388574282,0.0004183793254691787
22,20260739,Model 2,Intercept,-5.376946722277285,0.08605855014864291
22,20260739,Model 2,Non-axial/no-axial,0.28099974827330804,0.0032541061056627213
22,20260739,Model 2,Incident isolated,0.3321573629424143,0.008650815908817921
22,20260739,Model 2,Persistent isolated,0.30039982641572854,0.04218425665805083
22,20260739,Model 2,Spread to multisite,0.38322388561967674,0.01881348838977401
22,20260739,Model 2,Incident multisite,0.31341729945034535,0.004634460240368216
22,20260739,Model 2,Persistent multisite,0.5094436011141225,0.004272834867693474
22,20260739,Model 2,Improvement/contraction,0.478841715638723,0.00421315545153993
22,20260739,Model 2,Window 2,-0.21136862798863393,0.003361279966949021
22,20260739,Model 2,Window 3,-0.15497303721241928,0.0018066707913062961
22,20260739,Model 2,"Age, per 10 y",0.26733859265468535,0.0006807935358193591
22,20260739,Model 2,Female,0.12692901374168195,0.0028282880121725715
22,20260739,Model 2,Primary education,-0.07010495167676281,0.0024131289362478024
22,20260739,Model 2,Middle education,-0.19351105418820191,0.0028193117158016485
22,20260739,Model 2,High education+,-0.24135535416870324,0.008014205992314746
22,20260739,Model 2,Married,0.003246654607926172,0.002195356464787485
22,20260739,Model 2,Rural,0.057768511297031665,0.0037701101560875657
22,20260739,Model 2,Agricultural hukou,0.22538612705556482,0.0068973716217311885
22,20260739,Model 2,"BMI, per 5 kg/m2",0.11142332263668553,0.00046935569766269034
22,20260739,Model 2,Chronic count,0.03155660427885023,0.00023261585959398695
22,20260739,Model 2,Arthritis,0.17327383403698035,0.003245891742464841
22,20260739,Model 2,Stroke,0.22973597997221745,0.017710863127731666
22,20260739,Model 2,"CES-D, per 5",0.08716511714546128,0.0003117321456797885
22,20260739,Model 2,"Sleep, per 2 h",-0.019566832678730644,0.00038335536776270624
22,20260739,Model 2,Former smoker,0.15442244523073906,0.004947601220507137
22,20260739,Model 2,Current smoker,0.008180913930275402,0.002945517297668176
22,20260739,Model 2,Drinks > monthly,0.057918378179205636,0.002780603572763107
22,20260739,Model 2,Drinks ≤ monthly,0.2066554375052807,0.016661555827115582
22,20260739,Model 2,Fair/poor health,0.2693454574002042,0.003030590352443697
22,20260739,Model 2,Mobility count,0.1747714145880422,0.00015771596700151137
22,20260739,Model 2,IADL count,0.07045785057983785,0.00041346263212200206
23,20260740,Model 2,Intercept,-5.316422479247146,0.08303244006344557
23,20260740,Model 2,Non-axial/no-axial,0.28032786054257897,0.003196515046584115
23,20260740,Model 2,Incident isolated,0.33772298582769944,0.008689680968685044
23,20260740,Model 2,Persistent isolated,0.29931456307613136,0.04287620864094799
23,20260740,Model 2,Spread to multisite,0.37715732286146153,0.018813975068725293
23,20260740,Model 2,Incident multisite,0.30889449192701524,0.004573171173701376
23,20260740,Model 2,Persistent multisite,0.4981736040448827,0.004330348718846091
23,20260740,Model 2,Improvement/contraction,0.47612523125517014,0.004281075027224261
23,20260740,Model 2,Window 2,-0.21216008433104508,0.003352946285028216
23,20260740,Model 2,Window 3,-0.15321546543610462,0.0018079598490887499
23,20260740,Model 2,"Age, per 10 y",0.2632651873831245,0.0006750560496910557
23,20260740,Model 2,Female,0.12272031790876987,0.002869405818842856
23,20260740,Model 2,Primary education,-0.06634679073136922,0.002413941683625054
23,20260740,Model 2,Middle education,-0.19561935372555436,0.0028070433685249813
23,20260740,Model 2,High education+,-0.2396664966766992,0.008029088365460124
23,20260740,Model 2,Married,0.0016810836668327057,0.0021825077530193172
23,20260740,Model 2,Rural,0.05807459971381131,0.0037555022468071155
23,20260740,Model 2,Agricultural hukou,0.2247318081465714,0.006859340301369778
23,20260740,Model 2,"BMI, per 5 kg/m2",0.10408263640452435,0.0004244246552119709
23,20260740,Model 2,Chronic count,0.033603783535567706,0.00022737338973522275
23,20260740,Model 2,Arthritis,0.16594667605414476,0.003184939928251128
23,20260740,Model 2,Stroke,0.23161831526574084,0.017577520615815394
23,20260740,Model 2,"CES-D, per 5",0.08272998996828493,0.00030682620775460194
23,20260740,Model 2,"Sleep, per 2 h",-0.02064135973079068,0.00038304529819616035
23,20260740,Model 2,Former smoker,0.15570777786428405,0.004952600393887697
23,20260740,Model 2,Current smoker,0.006712963243074788,0.0029688704595493345
23,20260740,Model 2,Drinks > monthly,0.056040277540622074,0.0028185613855032394
23,20260740,Model 2,Drinks ≤ monthly,0.21192390667170494,0.01657184574418427
23,20260740,Model 2,Fair/poor health,0.2796774565146867,0.0030612683947724654
23,20260740,Model 2,Mobility count,0.1783869719578983,0.00015597359673798713
23,20260740,Model 2,IADL count,0.06572213959464063,0.0004234680068178323
24,20260741,Model 2,Intercept,-5.3352136541544715,0.08267438126656775
24,20260741,Model 2,Non-axial/no-axial,0.28161973204137475,0.003240857557961081
24,20260741,Model 2,Incident isolated,0.33220186512848915,0.008701594369795984
24,20260741,Model 2,Persistent isolated,0.3009268001332018,0.04133359814342091
24,20260741,Model 2,Spread to multisite,0.38610553300628175,0.018780461624531626
24,20260741,Model 2,Incident multisite,0.3119297609300266,0.004597790416729173
24,20260741,Model 2,Persistent multisite,0.5064438717882844,0.004280430049626705
24,20260741,Model 2,Improvement/contraction,0.48023305190888577,0.004324342226000646
24,20260741,Model 2,Window 2,-0.2120668336762631,0.003355634935606833
24,20260741,Model 2,Window 3,-0.15324697806329104,0.0018056151791627814
24,20260741,Model 2,"Age, per 10 y",0.2639533721151667,0.0006893889322403477
24,20260741,Model 2,Female,0.12702099512453707,0.002869719876183825
24,20260741,Model 2,Primary education,-0.0703081943659707,0.0024759179282241063
24,20260741,Model 2,Middle education,-0.1899282811615297,0.0027699229992833203
24,20260741,Model 2,High education+,-0.24001158002078737,0.007965327433173812
24,20260741,Model 2,Married,0.002602594341875612,0.002200705784638306
24,20260741,Model 2,Rural,0.06000357096022991,0.0037713600174559955
24,20260741,Model 2,Agricultural hukou,0.2253907670632681,0.0069321363325995766
24,20260741,Model 2,"BMI, per 5 kg/m2",0.10724682905323271,0.00037910154816153327
24,20260741,Model 2,Chronic count,0.03235235451673872,0.00023031341115699352
24,20260741,Model 2,Arthritis,0.16700710721022452,0.0032165205134629536
24,20260741,Model 2,Stroke,0.230083496588943,0.017747229478915112
24,20260741,Model 2,"CES-D, per 5",0.08576045296831869,0.000317980297646237
24,20260741,Model 2,"Sleep, per 2 h",-0.020966838089592578,0.00038059792414555965
24,20260741,Model 2,Former smoker,0.16142837005985322,0.004907598034870815
24,20260741,Model 2,Current smoker,0.006558771162132505,0.0029942222014976037
24,20260741,Model 2,Drinks > monthly,0.05756604938709191,0.0027910039072449
24,20260741,Model 2,Drinks ≤ monthly,0.20685434069418757,0.016663011534159833
24,20260741,Model 2,Fair/poor health,0.2706613502602667,0.003077233837571387
24,20260741,Model 2,Mobility count,0.17760090555627564,0.0001582434539680684
24,20260741,Model 2,IADL count,0.06369712569311058,0.00042824121156179656
25,20260742,Model 2,Intercept,-5.29498249821041,0.08727429168274238
25,20260742,Model 2,Non-axial/no-axial,0.27806270124642135,0.0032312378369653543
25,20260742,Model 2,Incident isolated,0.3256722867192489,0.008712569651063313
25,20260742,Model 2,Persistent isolated,0.2726830048727163,0.04338732400844084
25,20260742,Model 2,Spread to multisite,0.38384567246090756,0.01872528087069093
25,20260742,Model 2,Incident multisite,0.3076501830284951,0.004617153592460764
25,20260742,Model 2,Persistent multisite,0.5031612466685449,0.00420328596859049
25,20260742,Model 2,Improvement/contraction,0.47459995991880777,0.004213063874694438
25,20260742,Model 2,Window 2,-0.21313821144018963,0.0033801343021230995
25,20260742,Model 2,Window 3,-0.15583532242434076,0.0018018722222844206
25,20260742,Model 2,"Age, per 10 y",0.26557654189833263,0.0006894331126178266
25,20260742,Model 2,Female,0.11971105530508115,0.0028778970644485094
25,20260742,Model 2,Primary education,-0.07220312135329365,0.002445706064318663
25,20260742,Model 2,Middle education,-0.18681880098280687,0.0028113925867088276
25,20260742,Model 2,High education+,-0.23749191384760823,0.008089117592401263
25,20260742,Model 2,Married,0.0008461687981629358,0.0021791258399241173
25,20260742,Model 2,Rural,0.058863786894834624,0.003773889717908789
25,20260742,Model 2,Agricultural hukou,0.22236666292625604,0.006915870063432957
25,20260742,Model 2,"BMI, per 5 kg/m2",0.09856427806740563,0.0004443833259368956
25,20260742,Model 2,Chronic count,0.032601221114286726,0.00023345397088480214
25,20260742,Model 2,Arthritis,0.17050239498611897,0.003253626206416921
25,20260742,Model 2,Stroke,0.23353593753437638,0.017858220025675272
25,20260742,Model 2,"CES-D, per 5",0.08748585265240381,0.00031028864357293077
25,20260742,Model 2,"Sleep, per 2 h",-0.02130401444274362,0.0003837023218156736
25,20260742,Model 2,Former smoker,0.14477124652944023,0.005058630889022811
25,20260742,Model 2,Current smoker,-0.0015822687814026455,0.002921381287607555
25,20260742,Model 2,Drinks > monthly,0.06023910279437029,0.002802450487443739
25,20260742,Model 2,Drinks ≤ monthly,0.20752047509339186,0.01684593168183574
25,20260742,Model 2,Fair/poor health,0.27570385071657594,0.003056291062234687
25,20260742,Model 2,Mobility count,0.17629503646495634,0.0001543276233634556
25,20260742,Model 2,IADL count,0.06566104243501535,0.0004121230672033666
26,20260743,Model 2,Intercept,-5.233929930660685,0.08426743996812201
26,20260743,Model 2,Non-axial/no-axial,0.28125376702831645,0.0032922961606325417
26,20260743,Model 2,Incident isolated,0.3294159417714759,0.00876947032855712
26,20260743,Model 2,Persistent isolated,0.31175701171741305,0.0420546941251542
26,20260743,Model 2,Spread to multisite,0.393045467852993,0.018794514045090704
26,20260743,Model 2,Incident multisite,0.3105079191627289,0.00461635281277786
26,20260743,Model 2,Persistent multisite,0.5011180936741086,0.0043841736685643765
26,20260743,Model 2,Improvement/contraction,0.4809953067248325,0.004580949322074896
26,20260743,Model 2,Window 2,-0.20893475893288696,0.0033816827387131523
26,20260743,Model 2,Window 3,-0.1539153987863507,0.0018219928300346121
26,20260743,Model 2,"Age, per 10 y",0.262305784372442,0.0006879211852378052
26,20260743,Model 2,Female,0.12701485544587143,0.002902967983332536
26,20260743,Model 2,Primary education,-0.07342854771672837,0.0024675699342591255
26,20260743,Model 2,Middle education,-0.1899770752334922,0.002812196671452493
26,20260743,Model 2,High education+,-0.24288724074911117,0.008057371095011869
26,20260743,Model 2,Married,0.0010149655120340424,0.0021872749344982578
26,20260743,Model 2,Rural,0.054023675698497725,0.003783139866810452
26,20260743,Model 2,Agricultural hukou,0.22367454797409209,0.006946292775121793
26,20260743,Model 2,"BMI, per 5 kg/m2",0.09383589504354593,0.0004962569337281771
26,20260743,Model 2,Chronic count,0.03506515567963583,0.00022982266579901116
26,20260743,Model 2,Arthritis,0.1674040672488751,0.0032322111124130633
26,20260743,Model 2,Stroke,0.22970813329588569,0.01766245788481199
26,20260743,Model 2,"CES-D, per 5",0.084020700533963,0.00031640844717147363
26,20260743,Model 2,"Sleep, per 2 h",-0.02033023529524,0.000375008906148471
26,20260743,Model 2,Former smoker,0.15630336110721535,0.005031701712543895
26,20260743,Model 2,Current smoker,0.003158270260367266,0.0029888653186543744
26,20260743,Model 2,Drinks > monthly,0.0567868697352718,0.002804340516439999
26,20260743,Model 2,Drinks ≤ monthly,0.2047371166788285,0.016752174651534606
26,20260743,Model 2,Fair/poor health,0.24146173398585766,0.0033045048139324113
26,20260743,Model 2,Mobility count,0.17825908151751074,0.0001606666542967109
26,20260743,Model 2,IADL count,0.06604395651881693,0.0004164325794141867
27,20260744,Model 2,Intercept,-5.329986032168838,0.0838181421434054
27,20260744,Model 2,Non-axial/no-axial,0.2794045860255471,0.0031800521769232027
27,20260744,Model 2,Incident isolated,0.32772259116862806,0.008682076522287986
27,20260744,Model 2,Persistent isolated,0.27305665092231796,0.04251914513779404
27,20260744,Model 2,Spread to multisite,0.3853323687088051,0.01867196450274915
27,20260744,Model 2,Incident multisite,0.30564364367371866,0.004584392484371164
27,20260744,Model 2,Persistent multisite,0.4999501125494215,0.004229034545086537
27,20260744,Model 2,Improvement/contraction,0.47706828082918423,0.004237988649985616
27,20260744,Model 2,Window 2,-0.21243585497714906,0.003346019717843955
27,20260744,Model 2,Window 3,-0.15472213327279635,0.0017881127980594004
27,20260744,Model 2,"Age, per 10 y",0.266234368532604,0.0006864252415235052
27,20260744,Model 2,Female,0.11267665286800821,0.0028522679031002703
27,20260744,Model 2,Primary education,-0.06720640478386786,0.0023954348601503647
27,20260744,Model 2,Middle education,-0.19030552513388949,0.0027940545780937433
27,20260744,Model 2,High education+,-0.23217009825221227,0.007957885919433224
27,20260744,Model 2,Married,0.0013145678470860248,0.002175431048956252
27,20260744,Model 2,Rural,0.05621468673406902,0.0037435987387806125
27,20260744,Model 2,Agricultural hukou,0.2271741368651989,0.006862347564537534
27,20260744,Model 2,"BMI, per 5 kg/m2",0.1062660183873735,0.00040447639985083546
27,20260744,Model 2,Chronic count,0.032987070880220404,0.0002285960731110285
27,20260744,Model 2,Arthritis,0.16661881287252495,0.00320034049084025
27,20260744,Model 2,Stroke,0.22691608048623577,0.017590379877822096
27,20260744,Model 2,"CES-D, per 5",0.08790089765526711,0.0003068056668228943
27,20260744,Model 2,"Sleep, per 2 h",-0.022320838684320624,0.000381508467961095
27,20260744,Model 2,Former smoker,0.14301971277211692,0.004957496958267596
27,20260744,Model 2,Current smoker,0.00034042269836920134,0.002917999104308237
27,20260744,Model 2,Drinks > monthly,0.05620050855062603,0.0027833685325891525
27,20260744,Model 2,Drinks ≤ monthly,0.21169232660047133,0.01650832340397017
27,20260744,Model 2,Fair/poor health,0.2674160439204806,0.0030165929902254422
27,20260744,Model 2,Mobility count,0.17890675131815093,0.00015533667411766726
27,20260744,Model 2,IADL count,0.0629573492419488,0.0004195565776699744
28,20260745,Model 2,Intercept,-5.214442852582415,0.08749716581347645
28,20260745,Model 2,Non-axial/no-axial,0.28068651031400765,0.003235815719067701
28,20260745,Model 2,Incident isolated,0.3299897301219902,0.008761541149644753
28,20260745,Model 2,Persistent isolated,0.31967258312087665,0.04268778751889998
28,20260745,Model 2,Spread to multisite,0.3847485679242941,0.01886123134097798
28,20260745,Model 2,Incident multisite,0.31093271431989067,0.0046263318577664
28,20260745,Model 2,Persistent multisite,0.5036716873651678,0.004252872307010212
28,20260745,Model 2,Improvement/contraction,0.4774868586914912,0.004249071118424626
28,20260745,Model 2,Window 2,-0.21401237373128795,0.003380561284112821
28,20260745,Model 2,Window 3,-0.1562937438816348,0.001820006522578959
28,20260745,Model 2,"Age, per 10 y",0.26230365997850097,0.0006987191081483158
28,20260745,Model 2,Female,0.12242753254079135,0.0029219125765169193
28,20260745,Model 2,Primary education,-0.07011035110474377,0.002433864875454687
28,20260745,Model 2,Middle education,-0.19067652620942135,0.0027793747232829585
28,20260745,Model 2,High education+,-0.2407650421416612,0.008100066351278667
28,20260745,Model 2,Married,0.000996042225011137,0.002171153534768924
28,20260745,Model 2,Rural,0.058423799197347276,0.003802857153176841
28,20260745,Model 2,Agricultural hukou,0.21790322489735955,0.006949194591638123
28,20260745,Model 2,"BMI, per 5 kg/m2",0.08611339955834377,0.00044766687453015315
28,20260745,Model 2,Chronic count,0.03759512140160824,0.00022806156925506653
28,20260745,Model 2,Arthritis,0.16671413238157234,0.0032527139465869915
28,20260745,Model 2,Stroke,0.22843340872787968,0.01783641266114574
28,20260745,Model 2,"CES-D, per 5",0.0865643058088829,0.0003126228384269927
28,20260745,Model 2,"Sleep, per 2 h",-0.01650331816637516,0.00038372574227686635
28,20260745,Model 2,Former smoker,0.1482616483786327,0.0049935503353103015
28,20260745,Model 2,Current smoker,0.0003401733529375581,0.002967724073832083
28,20260745,Model 2,Drinks > monthly,0.053048321144200786,0.0028464155384928433
28,20260745,Model 2,Drinks ≤ monthly,0.20655219667282376,0.016701544043892885
28,20260745,Model 2,Fair/poor health,0.2578253627039254,0.0030090320480070276
28,20260745,Model 2,Mobility count,0.17400152089251064,0.00015930999391615752
28,20260745,Model 2,IADL count,0.0674336292750738,0.0004271150252294313
29,20260746,Model 2,Intercept,-5.318995852060515,0.0828017144084687
29,20260746,Model 2,Non-axial/no-axial,0.2810003303203473,0.0032473131676305704
29,20260746,Model 2,Incident isolated,0.3343212027069226,0.008771449093816322
29,20260746,Model 2,Persistent isolated,0.30027189495491163,0.041823800703421
29,20260746,Model 2,Spread to multisite,0.3787121783328784,0.01877936195514229
29,20260746,Model 2,Incident multisite,0.3119631080665847,0.00455062497378132
29,20260746,Model 2,Persistent multisite,0.5028748331198218,0.00425012767863814
29,20260746,Model 2,Improvement/contraction,0.48200170517189583,0.004446356192696139
29,20260746,Model 2,Window 2,-0.20898457424067945,0.0033458299803824226
29,20260746,Model 2,Window 3,-0.15328858290576536,0.0018243381692056582
29,20260746,Model 2,"Age, per 10 y",0.26343278457451497,0.0006818091623354447
29,20260746,Model 2,Female,0.12534245643237238,0.0028499125363856586
29,20260746,Model 2,Primary education,-0.07327905665348672,0.0024610313521644133
29,20260746,Model 2,Middle education,-0.19157613685431757,0.002763557966561759
29,20260746,Model 2,High education+,-0.24177154637676754,0.007971944971168555
29,20260746,Model 2,Married,8.662859918604555e-05,0.0021988527384896035
29,20260746,Model 2,Rural,0.058755930304163206,0.0037508375843915117
29,20260746,Model 2,Agricultural hukou,0.22439241850319402,0.006878764737162513
29,20260746,Model 2,"BMI, per 5 kg/m2",0.10781104515248832,0.00046707494679419886
29,20260746,Model 2,Chronic count,0.03282729471315195,0.00023153777998585125
29,20260746,Model 2,Arthritis,0.16684824594402578,0.003215042009812301
29,20260746,Model 2,Stroke,0.2323788008207737,0.017622532382843545
29,20260746,Model 2,"CES-D, per 5",0.08807416030487905,0.00031312193657978635
29,20260746,Model 2,"Sleep, per 2 h",-0.020404483167761854,0.00038436881627183653
29,20260746,Model 2,Former smoker,0.1541246927161554,0.00496397085216934
29,20260746,Model 2,Current smoker,0.006012658720444217,0.002964198512459136
29,20260746,Model 2,Drinks > monthly,0.0541064592500122,0.0028094339688280023
29,20260746,Model 2,Drinks ≤ monthly,0.2003673923587741,0.01661690594807046
29,20260746,Model 2,Fair/poor health,0.25627665207657185,0.003380444278601302
29,20260746,Model 2,Mobility count,0.1763348407255753,0.00015699806557051762
29,20260746,Model 2,IADL count,0.06557606787606782,0.0004158165682318273
30,20260747,Model 2,Intercept,-5.373812257296504,0.0856234029851428
30,20260747,Model 2,Non-axial/no-axial,0.28171014682110973,0.0032369765409195395
30,20260747,Model 2,Incident isolated,0.32801798611317257,0.008811057714142053
30,20260747,Model 2,Persistent isolated,0.2996658239309307,0.041870743573743145
30,20260747,Model 2,Spread to multisite,0.38956779015195886,0.018718425722552088
30,20260747,Model 2,Incident multisite,0.30928193125811926,0.004587793025949094
30,20260747,Model 2,Persistent multisite,0.5023271466485977,0.004214592967473256
30,20260747,Model 2,Improvement/contraction,0.47817016449328276,0.004330991344380189
30,20260747,Model 2,Window 2,-0.20930063268105656,0.003353228028173457
30,20260747,Model 2,Window 3,-0.15180358394771173,0.0018225660947805509
30,20260747,Model 2,"Age, per 10 y",0.2648447684955888,0.000684009292728652
30,20260747,Model 2,Female,0.13508866604715944,0.0028892211712324765
30,20260747,Model 2,Primary education,-0.06664915370848212,0.002429758864748731
30,20260747,Model 2,Middle education,-0.184957901693402,0.0027607371977119576
30,20260747,Model 2,High education+,-0.24580478083656884,0.007948092096083829
30,20260747,Model 2,Married,0.004570507464338601,0.0021602175871173698
30,20260747,Model 2,Rural,0.05786890372348248,0.0037575254391025853
30,20260747,Model 2,Agricultural hukou,0.22447533104553088,0.006827177932775353
30,20260747,Model 2,"BMI, per 5 kg/m2",0.11135700208465725,0.000420403062159544
30,20260747,Model 2,Chronic count,0.03220851551808795,0.00022300075333334094
30,20260747,Model 2,Arthritis,0.1676102563819532,0.0032344250164636056
30,20260747,Model 2,Stroke,0.2346247786484537,0.0177953805102647
30,20260747,Model 2,"CES-D, per 5",0.08645280190903266,0.0003057972345258048
30,20260747,Model 2,"Sleep, per 2 h",-0.019338957610451946,0.0003785527591214656
30,20260747,Model 2,Former smoker,0.16629051868005176,0.00495695272054562
30,20260747,Model 2,Current smoker,0.01860757926055742,0.0029844075822985754
30,20260747,Model 2,Drinks > monthly,0.05887073772071435,0.002798176596851641
30,20260747,Model 2,Drinks ≤ monthly,0.20871596330906206,0.016676152102661386
30,20260747,Model 2,Fair/poor health,0.26425010955206996,0.0029936743236128895
30,20260747,Model 2,Mobility count,0.17831691155795906,0.00015709984767376184
30,20260747,Model 2,IADL count,0.06528571824871399,0.0004314882925256112
